ggcx,0.3,0.3,0.1,0.3,0.3,0.3,0.1,0.2,0.2,0.2,0.2,0.3,0.3,0.2,0.2,0.1,0.2,0.2,0.2,1.0,1.5,1.6,0.3,2.3,0.5,0.3,4.0,0.2,1.4,0.4,0.5,0.8,0.4,0.5,0.7,0.5,0.5,0.3,0.4,0.3,0.2,0.8,0.9,0.6,0.1,1.4,1.4,0.3,0.5,0.3,0.4,0.5,0.4,0.8,0.5,0.9,0.4,1.0,0.3,1.5,0.5,0.6,1.9,0.2,0.4,0.4,0.4,0.5,0.2,0.3,0.5,0.1,0.7,0.1,0.1,0.5,0.2,0.4,2.4,0.2,0.9,0.2,0.2,0.7,0.0,0.4,0.4,0.2,1.1,1.1,0.2,1.0,0.2,0.3,1.9,0.3,0.2,0.7,0.9,0.5,1.0,0.6,0.3,0.4,0.5,0.1,0.1,0.2,0.3,0.3,0.0,0.0,0.5,1.0,1.7,0.2,1.1,0.7,0.1,0.3,0.1,0.2,1.7,0.3,0.5,0.5,0.3,0.2,0.5,0.3,0.0,0.4,0.3,0.2,0.2,1.2,0.2,0.3,0.3,0.2,0.4,0.4,0.5,0.0,0.5,0.6,0.5,1.1,1.4,0.4,0.1,0.7,0.8,0.0,1.2,0.1,0.2,0.2,0.2,0.3,0.1,0.2,0.3,0.2,0.2,1.0,0.2,0.2,0.2,0.5,0.1,0.7,0.5,0.4,0.3,0.1,0.4,0.1,0.5,0.7,0.3,0.0,0.2,0.3,1.2,0.8,0.3,0.2,0.0,1.0,0.9,0.3,0.6,0.0,0.0,1.1,0.2,0.5,0.2,1.4,0.2,0.2,0.6,0.2
ggnbp2,1.9,1.4,1.4,1.2,1.2,1.3,0.9,1.1,1.2,1.4,1.4,1.0,1.1,1.4,1.4,1.3,1.1,0.8,1.3,0.6,1.2,0.9,0.8,1.1,0.8,0.8,1.5,1.0,0.9,1.0,1.4,0.7,0.6,0.8,1.0,1.0,0.9,1.0,1.1,1.0,0.8,0.8,0.9,0.5,1.6,0.9,1.3,0.7,0.7,0.7,0.7,0.6,0.8,0.7,1.4,1.0,0.6,0.8,0.9,1.0,0.9,0.8,0.5,0.9,0.8,1.2,0.8,0.9,0.6,0.8,0.9,0.9,0.9,1.6,0.9,1.3,0.8,0.7,1.1,0.9,0.8,1.0,0.7,1.0,0.8,0.7,0.9,0.7,0.9,0.7,0.9,1.0,1.1,0.7,1.2,1.4,0.8,0.7,1.0,1.2,0.8,0.6,1.1,1.1,0.8,0.8,0.7,1.0,0.6,0.5,1.1,1.0,0.5,1.1,0.6,0.8,0.6,0.6,0.9,0.9,1.3,0.9,0.8,0.6,0.8,1.1,0.7,0.5,0.7,0.9,0.4,1.1,0.5,0.9,0.6,0.7,0.8,1.2,1.0,0.6,0.6,0.5,0.8,0.9,0.6,0.8,0.7,0.8,1.2,1.0,0.1,0.4,1.1,0.2,0.8,0.6,1.0,0.8,0.8,0.2,0.5,0.4,0.1,0.9,0.9,0.8,0.7,0.9,0.8,1.0,0.7,1.1,1.0,0.9,1.1,0.4,0.9,0.6,0.7,0.8,0.9,0.9,0.9,0.9,0.4,0.8,0.7,0.8,0.8,0.7,0.7,0.5,0.9,1.0,0.6,0.7,1.0,0.8,0.5,0.2,1.1,0.8,0.8,0.7
ghitm,1.4,0.7,0.8,0.7,0.7,0.7,1.2,0.5,0.5,0.5,0.6,0.6,0.6,0.4,0.4,0.3,1.1,0.4,0.5,1.4,1.7,1.1,1.0,0.5,1.0,1.1,1.2,1.1,0.9,0.9,1.6,1.3,1.2,1.0,0.8,2.0,1.0,1.2,1.1,0.8,2.7,0.9,1.1,0.3,1.8,1.5,1.1,1.1,1.0,0.8,1.1,0.8,0.7,0.5,1.2,1.1,0.5,1.0,1.0,1.0,0.9,0.8,0.8,1.1,0.7,1.0,1.1,0.5,1.2,1.4,1.0,1.2,0.3,0.5,1.4,0.9,0.4,0.9,0.7,0.7,0.4,0.9,0.8,0.6,0.8,0.6,0.5,0.4,0.7,0.3,0.9,0.9,0.8,0.8,0.6,0.9,1.0,0.4,0.5,0.2,0.5,0.8,0.9,0.7,1.1,0.9,0.8,0.9,0.5,0.9,0.4,0.6,0.6,0.9,0.5,0.4,0.7,0.7,0.5,0.5,0.6,1.3,0.8,0.5,0.6,0.7,1.3,0.4,0.7,0.6,1.3,0.5,0.7,0.4,0.4,0.6,0.6,0.8,0.5,0.5,0.4,0.4,0.4,0.8,0.3,0.3,0.6,1.1,0.6,0.4,0.3,0.4,1.6,1.1,0.8,0.7,1.2,0.3,0.6,0.6,0.5,0.7,0.0,0.4,0.6,0.5,0.7,0.9,0.6,1.2,0.8,0.6,0.5,0.7,0.8,1.1,1.2,0.6,0.6,0.9,0.6,0.6,0.6,1.2,0.9,0.9,0.5,0.5,0.4,0.7,0.7,0.2,0.3,2.2,0.1,1.0,0.7,0.9,0.6,1.0,0.6,0.9,0.4,0.8
gigyf2,2.1,0.6,0.5,0.6,0.6,0.7,0.6,0.5,0.4,0.5,0.4,0.5,0.5,0.5,0.4,0.5,0.3,0.4,0.1,1.7,1.0,0.9,0.9,0.8,0.7,0.6,0.4,0.8,1.1,0.8,1.0,1.1,0.7,0.9,0.5,0.9,1.0,0.8,0.3,0.8,2.1,0.9,1.2,1.1,0.7,0.9,0.8,0.6,1.1,1.0,0.8,1.2,1.1,0.9,1.3,0.9,1.3,0.9,1.0,0.7,0.9,1.0,0.7,1.0,0.5,0.6,0.8,1.5,1.0,0.6,0.8,1.0,0.4,0.8,1.5,1.1,0.4,0.8,0.9,0.7,0.8,0.9,0.8,0.5,1.0,0.8,0.5,0.5,0.8,0.7,1.1,1.4,0.9,0.8,1.3,1.2,0.8,0.7,1.0,0.6,0.6,0.6,0.7,0.8,0.7,0.7,1.3,0.7,0.1,0.4,1.1,0.7,0.5,0.5,1.4,0.9,0.7,0.9,1.1,0.8,0.9,1.5,0.8,0.7,0.8,0.7,0.8,0.4,0.9,0.5,0.4,0.8,0.6,1.6,1.4,1.3,1.1,1.1,1.8,0.9,0.8,1.7,1.0,1.9,1.2,0.8,0.8,1.1,0.5,1.3,0.5,0.8,0.0,0.6,0.9,1.3,1.1,0.7,1.2,1.2,1.5,0.8,0.7,0.3,2.0,0.6,1.2,0.9,1.2,0.4,1.0,1.2,0.9,0.8,0.8,0.4,0.7,2.3,0.9,0.9,0.8,1.2,1.1,1.0,0.3,0.8,0.9,1.1,1.0,0.8,1.0,1.2,1.0,0.3,2.6,0.9,0.8,1.0,1.4,0.6,0.7,0.8,1.4,1.7
gins4,1.1,0.8,0.7,0.9,0.8,0.8,0.9,0.4,1.2,1.0,1.0,0.9,0.7,1.1,0.8,0.4,0.5,0.6,0.9,0.2,1.0,1.1,1.6,0.8,1.6,1.5,1.1,2.3,0.8,0.7,0.6,0.4,0.3,1.0,0.5,1.2,0.8,1.3,0.4,0.7,0.6,1.2,1.1,0.4,1.1,1.0,0.1,1.0,1.0,0.8,1.2,0.3,0.3,0.7,1.1,0.8,0.2,0.9,1.2,0.3,1.2,1.9,1.2,1.8,1.0,0.6,1.1,0.0,0.3,0.3,0.9,0.1,0.7,0.7,0.4,0.4,0.1,1.8,1.1,1.9,1.2,1.8,1.1,0.9,0.6,1.2,0.8,0.2,0.9,0.3,1.1,0.8,2.3,0.6,0.9,0.9,0.3,0.7,0.3,0.5,0.4,1.1,0.9,1.0,2.2,1.1,0.6,0.5,0.8,0.9,0.5,0.8,0.0,0.7,0.8,2.1,1.1,0.5,2.0,1.8,2.2,0.8,0.7,1.2,1.0,1.2,1.0,0.5,1.0,0.6,0.6,0.9,0.2,0.5,1.5,0.9,1.2,1.0,1.0,0.8,0.8,0.6,1.2,1.3,0.3,0.3,0.3,0.3,1.1,1.1,0.0,0.9,0.0,0.4,0.7,0.6,0.3,0.2,1.8,0.8,0.6,0.3,0.2,0.5,1.4,1.9,1.4,1.0,1.0,1.1,0.8,1.1,1.0,1.2,0.9,0.4,1.2,0.5,1.1,1.0,2.0,2.3,2.5,2.3,0.7,0.8,1.0,0.6,0.1,0.8,0.4,0.3,0.1,0.7,0.5,1.2,2.3,0.9,1.1,0.0,0.3,1.0,1.3,1.0
gja7,1.6,1.4,0.5,1.4,1.1,0.9,0.7,0.4,1.9,1.6,1.6,1.0,0.6,1.5,1.4,1.4,0.7,0.1,0.7,0.8,1.2,2.8,2.5,1.7,1.7,2.6,1.3,2.5,2.0,1.8,1.4,1.2,0.8,1.1,1.3,0.7,1.6,1.4,0.3,0.3,1.7,1.2,2.2,0.4,1.4,2.8,1.5,1.3,2.1,1.6,1.5,1.4,1.6,1.9,0.6,2.7,0.9,1.9,1.8,1.6,1.3,1.7,1.0,2.2,1.3,0.9,1.3,1.3,0.5,0.6,1.2,0.6,0.6,0.1,0.9,0.6,0.3,2.4,1.6,2.6,2.4,3.2,1.0,0.9,3.0,1.0,1.8,0.4,2.4,0.7,3.1,2.8,3.4,0.7,2.8,0.5,0.8,2.2,4.2,1.0,1.2,0.8,0.8,2.2,1.7,1.2,2.0,1.2,1.8,3.0,0.1,0.1,0.4,0.7,0.0,3.3,1.1,0.7,2.7,2.5,3.6,0.8,3.1,1.4,1.0,1.4,0.9,3.3,2.1,2.5,0.3,1.5,0.4,0.1,4.1,4.2,3.1,4.3,3.0,1.6,1.9,1.2,1.7,1.7,1.5,2.6,5.2,1.8,2.8,2.7,0.6,0.7,0.3,0.1,3.9,0.4,1.4,0.2,2.4,2.0,1.4,0.5,0.7,0.6,2.7,3.3,3.3,4.3,3.6,1.9,2.0,2.4,1.4,2.4,1.2,1.0,1.5,1.0,1.1,1.3,2.7,3.2,3.6,3.0,0.2,0.5,3.0,1.5,0.2,4.2,4.4,1.4,2.0,0.1,0.0,2.5,2.9,1.8,0.5,1.8,0.3,2.8,3.0,0.4
gjb1,0.0,0.1,0.0,0.0,0.1,0.1,0.3,4.9,0.3,0.2,0.3,0.4,0.6,0.4,0.4,0.2,0.2,30.2,0.4,0.4,0.2,0.3,0.4,0.3,0.3,0.1,0.1,0.3,0.3,0.2,0.4,0.2,0.3,0.4,0.1,0.4,0.3,0.3,1.3,0.7,0.3,0.2,0.4,70.3,0.2,0.3,0.2,0.9,1.2,1.2,1.7,2.0,1.2,1.4,0.4,0.7,1.7,1.0,1.1,0.7,1.0,1.2,0.7,0.9,0.6,0.5,0.8,1.4,0.9,2.8,1.2,5.1,64.0,1.3,1.4,0.9,3.3,0.4,0.3,0.1,0.6,0.2,0.5,0.3,0.1,0.3,0.3,0.3,0.1,0.4,0.3,0.2,0.3,0.4,0.3,0.2,0.2,0.3,0.4,0.0,0.1,0.4,0.5,0.3,0.6,0.6,0.2,0.4,0.0,0.4,0.2,0.1,0.3,8.6,16.1,0.2,0.2,0.4,0.3,0.2,0.2,0.3,0.3,0.3,0.1,0.3,0.2,0.1,0.1,0.4,0.0,0.4,0.2,0.8,0.2,0.3,0.2,0.3,0.1,0.2,0.2,0.1,0.1,0.2,0.3,0.3,0.1,0.5,1.1,0.3,0.1,14.4,48.3,0.2,0.3,0.4,0.0,3.1,1.0,0.2,0.3,0.4,1.8,3.2,0.4,0.3,0.5,0.2,0.3,0.4,0.2,0.4,0.3,0.5,0.4,0.0,0.4,0.3,0.3,0.5,0.5,0.3,0.7,0.3,138.0,33.4,0.6,0.4,0.6,0.5,0.4,0.9,0.6,1.4,1.5,1.6,0.5,0.8,0.5,0.5,0.2,0.6,0.7,1.3
gjb2,0.0,0.1,0.1,0.1,0.0,0.2,1.1,6.9,0.1,0.1,0.1,0.2,1.7,0.1,0.2,0.2,2.4,33.8,0.4,0.3,0.0,0.1,0.0,0.0,0.1,0.0,0.0,0.1,0.1,0.1,0.1,0.1,0.1,0.1,0.0,0.0,0.1,0.1,0.2,0.0,0.0,0.1,0.0,20.8,0.1,0.1,0.0,0.2,0.2,0.2,0.0,0.2,0.2,0.1,0.1,0.3,0.2,0.4,0.2,0.1,0.2,0.0,0.6,0.3,0.2,0.4,0.1,0.0,0.2,0.2,0.2,0.2,12.5,0.1,0.1,0.2,0.4,0.1,0.1,0.1,0.0,0.0,0.1,0.1,0.0,0.0,0.1,0.1,0.0,0.1,0.0,0.0,0.1,0.3,0.0,0.0,0.5,0.1,0.0,0.1,0.0,0.1,0.2,0.1,0.1,0.1,0.0,0.0,0.3,0.0,0.1,0.0,0.0,1.1,12.1,0.0,0.1,0.0,0.0,0.1,0.0,0.1,0.0,0.0,0.1,0.1,0.0,0.0,0.1,0.1,0.0,0.1,0.1,0.1,0.0,0.5,0.1,0.1,0.0,0.1,0.0,0.1,0.1,0.0,0.1,0.1,0.0,0.1,0.4,0.3,0.2,1.4,13.7,0.0,0.1,0.0,0.2,0.8,0.2,0.0,0.1,0.1,0.4,0.7,0.0,0.0,0.0,0.2,0.1,0.2,0.1,0.1,0.0,0.1,0.0,0.0,0.1,0.1,0.0,0.0,0.1,0.1,0.0,0.0,36.6,5.1,0.1,0.1,0.4,0.1,0.0,0.1,0.3,0.5,0.0,0.1,0.0,0.1,0.1,0.0,0.0,0.4,0.2,0.2
gkap1,1.9,2.3,2.2,2.3,2.4,2.7,2.9,2.2,1.6,1.5,1.8,1.4,1.5,1.7,1.5,1.6,3.0,2.1,0.9,0.3,1.2,0.7,0.7,1.1,0.9,1.1,1.0,0.8,0.6,0.4,0.7,0.4,0.4,0.5,0.3,0.6,0.6,0.7,0.2,0.5,0.7,0.6,0.5,0.1,0.6,0.6,0.4,0.2,0.4,0.8,0.8,1.2,0.5,0.6,0.5,0.6,0.6,0.9,0.9,1.5,1.1,0.9,0.8,0.7,0.4,0.4,0.5,0.2,0.3,0.4,0.5,0.9,0.8,0.6,0.8,0.7,0.3,1.1,1.1,1.5,1.1,1.1,0.6,0.5,0.3,0.8,0.9,0.4,0.7,0.4,0.6,0.6,0.9,0.6,0.9,0.6,0.3,0.6,0.6,0.4,0.5,0.6,0.3,0.9,0.8,0.8,1.1,1.5,0.6,0.8,0.4,0.7,0.2,0.8,0.0,1.1,0.5,0.6,1.3,1.2,1.5,0.4,1.2,0.4,0.5,0.6,1.1,0.3,0.6,0.8,0.4,1.4,0.4,0.4,0.5,0.4,0.4,0.7,0.7,0.7,1.1,0.7,1.4,0.8,0.5,0.4,0.4,0.4,0.6,1.5,1.0,1.2,0.5,0.2,0.6,0.7,0.5,0.4,1.4,0.5,1.0,0.5,0.6,0.7,0.4,0.7,0.6,0.4,0.5,0.7,0.5,0.3,0.5,0.7,0.8,0.4,1.1,1.0,0.4,0.8,1.1,1.6,1.3,0.9,0.9,1.2,0.9,0.8,0.7,0.6,0.4,0.6,0.6,0.2,0.7,1.9,1.3,0.8,0.7,0.9,0.3,0.7,1.8,0.7
glg1,0.4,0.9,0.4,0.8,0.7,0.6,0.4,1.2,0.7,0.6,0.8,0.6,0.7,0.6,0.7,0.8,1.0,0.6,0.4,0.9,1.0,1.0,1.1,0.8,1.0,0.8,1.1,1.2,1.2,1.3,0.9,0.4,0.7,1.2,0.7,0.8,1.2,1.2,0.9,0.9,0.2,1.0,1.1,0.1,1.3,0.7,2.3,1.1,0.7,0.7,0.8,0.6,0.6,0.6,0.3,0.5,0.5,0.7,0.7,0.2,0.5,0.6,0.5,0.7,0.8,0.6,0.6,1.5,0.7,0.6,0.7,1.0,0.7,0.3,0.3,0.7,0.8,0.9,1.2,0.9,1.4,0.7,0.7,0.9,0.8,0.5,0.8,0.6,0.9,2.2,0.7,1.0,0.9,0.5,0.9,1.0,1.0,1.1,1.5,1.3,1.9,0.6,0.7,0.9,0.4,0.8,0.7,1.1,0.8,0.7,1.2,1.1,0.2,0.9,0.8,0.8,0.7,0.4,0.5,0.9,0.8,0.7,0.9,0.6,0.6,0.5,0.7,1.1,0.6,0.6,0.7,0.9,0.4,0.5,0.5,1.5,0.7,0.8,0.5,0.5,0.9,0.7,0.6,0.7,1.3,1.0,1.2,1.4,1.4,0.7,0.3,0.9,2.1,0.7,0.8,0.9,0.7,0.8,0.9,0.5,0.8,0.4,0.2,0.7,0.8,1.7,0.7,1.0,0.9,0.2,1.5,0.6,0.6,0.6,0.6,1.2,0.7,0.7,0.4,0.6,0.7,1.1,0.6,0.5,0.6,0.7,0.7,0.6,0.7,0.7,1.3,0.8,1.0,0.4,0.2,0.6,0.9,0.6,0.4,0.9,0.4,0.7,0.9,0.6
glrx,1.1,0.9,0.9,1.0,0.9,1.0,1.0,2.6,0.9,0.9,0.9,1.0,1.2,0.9,1.0,0.8,1.0,0.8,0.9,1.8,0.5,0.5,0.5,0.4,0.6,0.6,0.3,0.5,0.7,0.5,0.6,1.0,0.7,0.7,0.3,0.6,0.5,0.5,1.2,0.6,0.3,0.8,0.5,1.2,0.5,0.5,0.9,0.5,0.4,0.5,0.7,0.4,0.5,0.5,1.2,0.5,1.3,0.3,0.6,0.7,0.5,0.8,0.5,0.5,0.6,0.6,0.5,1.1,0.6,2.6,0.6,2.1,0.8,1.2,0.5,0.3,2.5,0.2,0.1,0.2,0.3,0.1,0.3,0.4,0.5,0.4,0.4,0.2,0.2,0.2,0.1,0.1,0.2,0.4,0.1,0.7,0.2,0.2,0.2,0.8,0.2,0.3,0.2,0.2,0.1,0.2,0.2,0.1,0.2,0.0,1.8,2.0,6.2,0.7,2.1,0.2,0.3,0.6,0.4,0.2,0.3,1.0,0.1,0.5,0.6,0.5,0.3,1.3,0.7,0.3,0.2,0.3,0.3,1.5,0.1,0.0,0.3,0.2,0.1,0.2,0.4,0.3,0.4,0.3,0.3,0.3,0.4,0.5,0.5,0.1,6.3,1.9,3.1,2.8,0.3,0.3,0.4,3.4,0.2,0.3,0.3,0.2,8.1,4.1,0.2,0.2,0.1,0.1,0.2,0.7,1.4,0.5,0.2,0.4,0.4,0.2,0.3,0.5,0.3,0.5,0.2,0.3,0.3,0.1,6.3,2.3,0.1,0.1,0.5,0.2,0.3,0.3,0.3,1.5,4.9,0.6,0.3,0.3,0.5,0.7,2.9,0.2,0.3,1.1
glrx2,0.5,0.2,0.1,0.1,0.2,0.1,0.2,0.4,0.4,0.3,0.3,0.3,0.3,0.2,0.1,0.2,0.6,0.4,0.2,0.2,0.8,0.3,0.7,0.7,0.5,1.2,0.7,0.6,0.5,0.4,0.5,0.2,0.4,0.6,0.4,0.4,0.5,0.4,0.1,0.3,1.5,0.5,0.6,0.8,0.3,0.5,1.0,0.6,0.6,0.3,0.3,0.5,0.3,0.4,0.2,0.5,0.2,0.2,0.5,0.4,0.7,0.4,0.0,0.4,0.4,0.3,0.3,1.1,0.3,0.2,0.4,0.4,0.1,0.1,0.4,1.1,0.2,0.5,0.6,0.8,0.7,0.8,0.6,0.5,1.1,0.6,0.9,0.3,0.5,0.7,0.9,1.0,0.7,0.7,0.5,0.7,0.5,0.7,0.7,0.4,0.5,0.4,0.7,0.7,0.6,0.9,0.5,1.2,0.9,2.0,0.4,0.1,0.2,0.3,0.6,0.7,0.4,0.3,0.6,0.6,1.2,1.0,0.2,0.9,0.5,0.6,0.5,0.9,0.9,1.1,1.5,1.1,0.5,1.3,0.8,0.9,0.9,1.1,0.7,1.0,0.6,0.2,0.7,0.9,0.7,0.7,1.1,1.0,0.0,0.4,0.1,0.5,0.1,0.1,0.7,0.8,0.5,0.4,1.1,0.9,0.6,0.5,0.1,0.5,0.6,0.7,1.1,1.0,0.9,0.3,0.4,0.6,0.3,0.6,0.7,1.5,0.8,0.9,0.3,0.5,0.7,0.8,0.9,1.0,1.1,0.6,0.9,0.8,1.1,0.8,1.0,0.8,0.9,0.2,0.3,0.5,0.7,0.7,0.5,0.6,0.1,1.6,0.5,0.6
glrx3,2.2,1.9,1.9,2.2,2.0,1.8,1.6,1.8,2.4,1.9,2.3,2.1,2.2,2.0,2.2,2.0,1.5,2.6,1.6,0.4,1.6,1.2,1.3,1.0,1.4,1.6,1.5,1.2,1.5,1.1,1.6,1.5,1.0,1.1,0.2,0.9,1.1,1.1,0.8,1.0,0.2,1.1,1.1,2.9,0.8,1.3,1.0,1.1,1.1,1.1,1.3,2.3,1.1,1.1,0.9,1.2,1.2,1.4,1.3,1.6,1.0,1.1,1.3,1.2,1.0,0.9,1.0,0.8,1.0,1.2,1.1,0.5,1.9,1.3,1.1,1.4,0.4,0.9,1.0,1.3,0.5,1.1,0.9,1.1,0.5,0.5,0.7,0.9,1.2,1.0,1.0,0.7,1.2,0.8,1.1,0.8,0.3,0.6,0.8,1.1,1.1,0.8,0.9,1.1,1.4,1.0,1.7,0.9,0.8,0.5,0.8,0.4,0.3,0.5,0.5,1.1,1.0,0.7,1.0,1.1,1.1,1.2,1.5,1.0,0.8,0.9,0.8,1.0,0.7,1.0,0.8,0.7,1.0,0.9,1.0,0.5,0.9,1.2,0.8,1.0,0.7,1.2,1.0,1.4,1.0,0.6,0.7,1.8,1.1,0.8,0.4,1.5,0.3,0.5,1.4,0.9,0.3,0.3,1.0,0.6,1.2,1.0,0.5,0.5,0.8,1.0,1.1,0.9,0.8,0.4,0.7,0.8,0.7,0.8,0.6,0.6,0.9,1.3,0.7,1.0,1.0,1.0,1.5,1.6,1.9,1.1,0.8,1.4,0.4,1.3,0.7,0.6,0.7,0.4,0.7,1.0,1.4,1.0,1.0,0.7,0.6,0.8,1.0,0.9
glrx5,0.8,0.5,0.4,0.5,0.4,0.7,0.7,1.1,0.4,0.4,0.5,0.4,1.1,0.4,0.4,0.2,0.5,0.9,0.2,1.1,0.3,0.4,0.7,0.3,0.3,0.6,0.1,0.4,1.7,2.1,2.2,0.4,0.3,0.7,0.8,2.1,0.9,1.3,1.8,1.8,1.6,1.2,0.5,1.8,1.9,0.5,0.3,1.2,0.6,0.8,1.1,1.6,2.1,1.8,1.1,0.5,0.5,0.9,0.6,1.4,0.2,0.2,0.3,0.3,1.0,0.6,0.6,0.4,0.3,1.8,1.2,0.4,2.2,2.0,2.1,0.4,1.2,0.3,0.1,0.4,0.7,0.4,0.7,0.4,0.5,1.0,1.0,0.2,0.4,0.4,0.5,0.4,0.4,2.3,0.9,1.9,4.2,2.6,1.7,1.4,1.8,0.6,0.8,1.5,1.2,1.9,2.8,0.2,0.1,0.2,2.7,0.9,1.0,2.0,0.6,0.4,0.6,0.5,0.4,0.4,0.3,2.1,0.4,0.2,0.4,0.7,0.8,1.0,1.0,1.1,0.0,0.2,0.2,3.6,0.4,0.4,0.5,0.6,0.7,1.7,1.2,1.1,1.2,2.5,1.2,2.7,1.3,0.4,0.4,0.7,1.0,1.9,0.7,2.1,0.3,2.5,4.3,1.5,0.9,1.2,2.5,0.3,2.3,1.3,0.5,0.3,0.5,0.6,1.0,1.1,0.5,1.1,0.6,0.7,0.5,0.2,0.4,5.0,1.1,0.7,0.3,0.3,0.3,0.6,1.1,1.6,1.4,2.2,5.1,0.5,1.6,1.5,2.6,5.6,3.5,0.1,0.4,0.6,2.8,0.4,0.8,0.5,0.8,2.8
gltscr1,2.4,1.5,1.0,1.4,1.5,1.3,1.2,1.4,1.1,1.2,0.9,0.9,1.0,1.0,0.8,0.8,0.5,0.9,0.7,0.2,0.7,0.7,1.0,0.4,1.0,1.0,1.2,0.8,0.5,0.7,0.8,0.4,0.3,0.9,0.9,0.4,0.8,0.9,0.2,0.5,0.1,0.7,0.9,0.4,0.6,0.7,0.6,0.8,0.6,0.7,0.5,0.6,0.5,0.5,0.2,0.6,0.3,0.3,0.8,0.6,0.6,0.6,0.4,0.8,0.5,0.3,0.8,0.2,0.3,0.2,0.6,0.5,0.5,0.2,0.7,0.5,0.4,0.9,0.6,0.5,0.4,0.9,0.8,0.5,1.1,0.3,0.7,0.2,0.5,0.4,0.7,0.5,0.7,0.8,0.6,0.5,0.6,0.4,0.3,0.2,0.2,0.6,1.0,0.7,0.6,0.2,0.8,0.5,0.2,1.0,0.4,0.5,0.0,0.9,0.3,1.1,0.5,0.4,0.5,1.0,1.4,0.4,0.3,0.5,0.6,0.4,0.3,0.6,0.7,0.5,0.0,0.7,0.3,0.3,0.6,0.4,0.7,0.7,0.6,0.5,0.5,0.9,0.7,0.1,0.3,0.3,0.6,0.3,0.8,0.9,0.1,0.5,0.0,0.2,0.6,0.5,0.2,0.3,0.5,0.6,0.4,0.3,0.2,0.3,0.5,0.7,0.6,0.5,0.6,0.1,0.8,0.6,0.7,0.5,0.5,0.4,0.7,0.2,0.6,0.5,0.7,0.9,0.7,0.9,0.5,0.4,0.7,0.5,0.1,0.5,0.3,0.3,0.4,0.6,0.3,0.5,1.2,0.4,0.4,0.3,0.4,0.7,0.5,0.2
gltscr2,1.3,2.4,2.4,2.4,2.3,2.2,1.9,0.8,3.6,3.6,3.5,3.2,3.1,3.7,3.5,4.5,3.7,3.4,3.0,1.6,2.8,5.9,3.7,2.4,4.0,3.8,4.0,4.8,4.7,4.5,5.0,1.2,4.6,5.0,4.2,3.8,4.5,4.7,1.4,3.0,2.8,5.3,6.0,2.7,3.1,5.6,2.4,3.9,5.8,4.4,4.0,4.4,3.3,4.2,3.0,5.8,1.3,5.3,4.0,3.1,3.8,3.1,4.3,4.6,5.0,4.0,4.3,2.2,3.9,0.8,4.3,1.5,3.4,2.4,2.8,2.7,1.2,4.9,5.0,4.5,3.7,5.0,5.4,5.3,5.0,6.9,4.9,5.5,7.8,1.7,8.4,7.5,6.5,4.0,7.1,5.9,1.6,4.4,4.3,2.4,4.9,4.7,4.9,6.1,7.0,5.1,8.2,3.2,2.3,4.0,1.5,2.4,1.0,5.6,1.8,5.5,5.9,5.4,5.1,5.4,4.1,4.7,7.9,5.1,6.4,5.9,4.9,7.1,5.4,5.0,1.7,3.2,6.5,2.1,7.2,5.7,8.1,8.0,8.2,6.8,6.1,5.5,6.2,7.6,4.0,5.8,4.6,4.2,1.5,5.3,1.0,5.3,1.7,2.3,7.7,4.9,1.3,1.3,6.8,8.5,8.3,7.0,0.9,2.0,8.8,7.3,9.4,7.7,7.1,5.9,8.3,5.8,7.0,7.1,9.1,2.7,3.8,9.2,5.8,6.2,5.6,4.3,6.2,5.8,3.8,5.1,6.3,6.9,1.2,9.0,4.6,4.6,5.2,3.4,2.0,5.8,5.1,7.9,5.1,4.5,2.4,6.0,4.8,4.7
glud1,0.5,0.8,1.0,0.8,0.8,0.7,0.7,0.9,0.6,0.7,0.7,0.7,0.7,0.8,0.6,0.6,0.3,0.7,0.9,2.0,1.6,0.5,0.5,0.6,0.6,0.6,0.5,0.6,0.4,0.6,0.7,0.5,0.8,0.4,0.6,0.5,0.7,0.5,0.9,0.7,0.4,0.4,0.5,0.3,0.8,0.4,0.7,0.7,0.4,0.6,0.5,0.7,0.4,0.4,0.3,0.5,0.3,0.2,0.6,0.9,0.4,0.4,0.4,0.5,0.4,0.7,0.4,0.8,0.9,0.6,0.5,0.6,1.0,0.7,0.4,2.8,0.6,0.7,0.3,0.6,0.4,0.3,0.4,0.4,0.4,0.4,0.4,1.0,0.5,0.7,0.5,0.4,0.6,0.5,0.5,0.3,1.1,0.4,0.4,0.5,0.3,0.4,0.3,0.5,0.4,0.3,0.3,2.0,6.9,1.4,1.2,0.5,0.3,0.4,0.8,0.5,0.3,0.5,0.4,0.6,0.8,0.3,0.1,0.5,0.3,0.6,0.4,0.2,0.4,1.0,5.1,2.4,0.7,1.2,0.7,0.3,0.5,0.3,0.5,0.5,0.3,0.7,0.7,0.9,0.3,0.4,0.5,0.4,0.1,0.4,0.1,0.5,0.0,0.5,0.4,0.5,1.2,0.7,0.5,0.3,0.4,1.0,0.5,0.7,0.5,0.6,0.4,0.7,0.6,0.5,0.5,0.8,0.5,0.5,0.3,3.7,2.0,0.5,0.4,0.4,0.6,0.6,0.6,0.7,0.7,0.3,0.4,0.5,0.5,0.5,0.4,0.4,0.4,0.6,0.3,0.5,0.5,0.4,0.4,0.5,0.5,0.3,0.4,0.2
glul-like.2,13.0,11.5,12.7,11.9,11.4,10.4,11.2,6.4,15.2,15.1,15.0,13.4,19.0,13.2,14.6,16.9,27.8,16.3,18.5,12.3,12.3,14.3,14.0,15.7,15.7,21.5,13.4,15.4,16.2,16.9,13.9,16.3,10.5,21.9,17.6,33.9,16.1,13.6,12.9,16.3,16.3,25.1,14.8,18.9,11.9,13.6,18.3,42.2,14.1,14.9,15.0,16.9,17.0,14.5,35.9,13.6,15.9,14.5,12.9,13.9,15.6,19.4,13.6,15.0,39.5,23.0,22.8,10.5,8.7,16.5,21.5,11.6,22.9,19.5,13.8,11.8,20.7,24.5,22.1,24.0,22.2,24.0,26.4,34.4,54.2,24.8,43.9,10.2,22.0,15.6,23.3,20.7,24.4,28.2,18.7,20.5,19.6,24.4,22.1,22.3,19.3,26.4,25.4,24.7,19.4,22.9,23.0,18.6,8.3,21.7,19.1,33.0,21.3,34.9,19.4,23.0,27.0,25.5,19.1,21.1,24.2,17.4,19.5,28.4,28.3,26.2,23.4,58.1,39.0,19.2,10.4,15.8,12.7,17.3,20.3,17.6,19.8,21.3,17.9,21.6,25.9,22.6,19.6,21.3,15.0,18.6,17.4,17.9,23.3,16.2,17.8,32.3,24.0,22.5,19.6,28.6,14.8,17.1,14.1,17.9,17.2,8.8,17.3,18.9,17.7,17.0,18.8,18.5,16.7,26.3,35.6,35.5,31.3,25.9,21.7,8.7,13.7,17.5,23.4,25.1,17.1,20.1,18.6,17.4,29.4,28.5,18.9,19.5,18.0,17.1,14.9,16.5,16.0,9.4,21.5,16.6,16.4,21.8,27.6,14.4,26.5,17.7,14.9,16.4
glyr1,1.9,1.5,0.9,1.8,1.5,1.1,0.8,0.9,2.0,1.8,1.5,1.0,1.0,1.3,1.4,1.4,0.9,1.1,1.3,1.2,1.8,1.1,1.3,1.6,1.4,2.1,1.3,1.5,1.2,1.6,1.6,1.0,1.0,0.9,0.5,0.8,1.7,1.4,0.9,1.7,1.4,0.7,1.4,0.9,1.7,1.0,1.4,1.0,1.2,0.9,0.9,1.1,1.5,1.0,0.7,1.0,0.4,1.0,1.3,1.1,1.2,1.3,1.2,1.0,0.8,0.9,1.0,0.4,0.6,1.0,0.7,1.2,1.0,1.4,0.9,1.8,1.0,2.0,1.0,2.5,2.3,2.5,0.8,1.2,1.5,1.4,0.6,0.8,1.2,1.3,1.6,1.4,1.9,0.5,1.0,1.7,1.3,1.6,1.6,0.6,1.4,0.8,0.6,2.3,1.5,1.0,1.4,2.6,2.2,3.5,2.2,1.3,1.0,0.9,0.4,1.8,0.9,0.7,1.8,1.6,3.2,1.5,0.8,0.5,0.9,0.9,0.9,1.2,1.2,2.0,1.3,2.9,0.8,1.6,2.5,3.2,1.4,1.5,1.3,1.6,1.4,2.8,2.2,1.3,1.3,1.8,2.6,1.1,3.0,1.8,0.8,1.0,1.5,1.1,1.3,0.7,3.4,0.5,1.2,1.4,1.1,1.1,1.0,0.5,1.3,1.3,1.5,1.6,1.7,0.4,0.8,1.0,1.4,0.5,0.9,3.6,2.1,1.3,0.9,0.6,1.8,2.5,2.0,1.6,1.0,1.2,1.7,1.7,2.6,1.2,1.4,1.0,2.0,3.1,1.9,1.1,1.8,1.1,0.7,1.3,0.9,2.2,2.9,1.2
gmfg-like,0.7,0.7,0.3,0.8,0.7,0.8,0.7,1.0,0.7,0.6,0.6,0.7,0.5,0.6,0.5,0.5,0.9,0.5,0.7,0.1,0.8,0.7,0.7,0.7,1.0,0.5,0.5,1.0,1.0,1.0,0.9,0.4,0.5,1.1,1.7,0.9,0.8,0.8,0.5,0.6,0.6,0.7,0.7,0.5,0.7,0.8,0.9,0.6,0.7,1.0,0.8,0.5,0.9,0.7,1.0,0.7,0.5,0.6,0.8,1.7,0.7,0.4,1.2,1.0,1.1,1.1,1.1,0.6,0.6,0.7,0.9,1.3,0.8,1.0,1.0,0.6,0.6,0.6,0.8,0.7,0.9,0.8,0.7,0.9,0.8,0.8,0.8,0.5,0.7,0.8,0.8,0.6,0.8,0.8,0.5,0.7,1.4,0.9,0.9,0.8,0.9,0.8,0.7,0.8,1.5,0.6,0.8,0.8,1.4,1.5,0.7,1.5,0.3,0.9,0.8,0.8,0.7,0.8,0.9,0.7,0.8,0.7,0.5,1.1,0.6,0.9,0.9,0.6,0.7,1.1,0.7,0.7,0.4,1.1,1.0,0.8,0.8,0.8,0.9,0.7,0.6,0.5,0.8,0.9,0.9,1.0,0.9,0.4,1.2,0.7,0.2,0.6,0.5,1.6,0.7,0.7,1.2,0.5,0.6,0.9,0.7,0.5,0.1,0.5,0.7,1.1,0.9,1.2,0.9,1.1,0.6,0.9,1.3,0.9,1.2,0.9,0.8,0.9,0.7,1.2,0.9,1.2,0.9,0.7,0.4,0.9,0.8,1.2,1.0,0.7,1.5,0.9,1.2,0.7,0.6,1.1,0.9,0.9,1.1,0.8,1.8,0.8,0.8,0.6
gmnn,35.1,8.9,9.1,14.1,14.7,16.9,17.0,17.4,9.4,10.4,2.6,3.7,5.3,10.1,1.5,1.2,6.3,10.0,4.8,2.3,1.0,3.4,3.3,4.6,2.7,2.4,2.3,3.7,2.0,1.5,2.3,0.1,0.7,3.0,3.6,2.2,2.3,2.8,1.2,0.3,0.0,4.0,2.8,15.9,1.5,3.8,4.0,2.9,2.1,2.4,1.9,0.9,1.2,1.3,1.1,2.2,1.1,2.4,2.5,2.4,2.0,2.8,2.0,2.8,1.7,2.0,2.0,3.1,0.4,1.2,2.3,0.5,3.5,0.4,1.0,0.6,1.2,2.0,1.7,2.4,4.0,1.9,1.8,2.3,1.2,1.6,1.5,0.5,2.5,4.4,1.5,1.9,2.1,2.3,2.1,1.6,0.9,0.9,0.7,1.0,1.1,1.2,1.3,1.7,2.9,0.7,1.4,0.2,0.8,0.7,0.0,1.4,0.0,3.2,5.6,2.1,1.6,2.4,2.1,2.3,1.9,1.6,2.5,1.2,2.1,1.8,1.5,1.0,1.7,0.7,0.2,0.8,0.6,0.3,2.0,3.7,1.5,1.0,1.7,1.0,1.7,0.3,2.9,1.7,0.9,0.9,0.7,2.6,2.0,2.2,0.0,2.6,7.2,1.1,2.1,2.6,0.5,0.7,2.0,1.1,1.4,0.6,0.1,1.2,1.3,2.6,1.5,1.5,2.1,1.2,0.9,1.8,1.2,2.3,1.2,0.5,1.0,1.5,2.1,1.5,2.6,2.5,2.7,2.4,2.6,2.8,1.6,1.0,0.0,2.2,1.0,1.4,1.5,0.1,0.3,2.1,2.5,2.2,3.1,3.4,1.7,0.4,1.9,1.5
gmppb,0.5,0.6,0.8,0.6,0.5,0.5,0.3,0.9,0.5,0.5,0.5,0.4,0.4,0.5,0.6,1.1,0.6,0.3,0.7,1.9,0.6,0.4,0.8,2.2,0.4,0.4,0.8,0.4,0.9,1.2,1.0,4.5,0.3,0.4,0.5,0.7,0.7,0.5,3.9,1.6,0.5,0.3,0.4,0.3,1.8,0.3,2.7,0.6,0.5,0.4,0.5,0.5,1.0,0.8,0.8,0.3,3.7,0.4,0.3,0.9,0.3,0.4,0.7,0.4,0.5,0.4,0.2,3.5,0.3,3.4,0.2,4.4,0.6,1.0,1.8,0.9,1.9,0.4,0.8,0.5,1.3,0.4,0.2,0.5,0.5,0.2,0.3,0.1,0.3,2.6,0.4,0.2,0.4,0.0,0.8,1.0,4.5,0.7,0.6,0.9,0.6,0.3,0.4,0.5,0.5,0.4,0.2,0.7,1.4,0.4,1.2,1.1,7.0,0.4,0.0,0.4,0.2,0.1,0.3,0.3,0.2,0.7,0.3,0.2,0.3,0.2,0.1,0.1,0.2,0.1,1.7,0.6,0.2,0.7,0.3,0.6,0.2,0.4,0.2,0.6,0.2,0.5,0.5,0.2,0.7,0.7,0.5,1.9,2.5,1.1,5.9,0.5,0.2,1.9,0.2,0.2,5.3,3.2,0.5,0.9,0.5,0.1,6.6,2.8,0.2,0.6,0.2,0.3,0.3,0.1,0.3,0.1,0.2,0.2,0.3,0.7,0.4,0.1,0.1,0.2,0.4,0.4,0.3,0.4,0.2,0.6,0.3,0.5,8.0,0.3,0.9,0.4,0.7,0.8,0.4,0.6,0.3,0.3,0.1,1.6,1.5,0.4,0.7,0.8
gna11,2.6,2.5,2.0,2.6,2.3,2.0,1.9,2.8,2.5,2.1,2.4,2.0,1.9,1.9,2.6,2.4,3.5,1.8,1.8,0.8,1.3,1.0,1.0,2.2,1.2,1.1,1.1,1.3,1.1,1.2,0.8,1.7,0.6,0.9,1.7,0.5,1.1,0.9,1.0,1.0,1.4,0.6,1.0,0.7,1.2,0.6,0.6,0.9,1.0,0.9,0.7,0.6,0.9,0.6,0.3,0.7,0.8,0.7,0.8,1.4,0.8,1.9,1.1,1.1,0.6,1.3,0.7,0.6,0.6,0.8,0.7,0.4,0.9,0.7,1.4,1.2,0.8,1.4,1.6,2.0,1.9,1.1,0.6,0.8,0.5,0.6,0.8,0.5,0.8,0.4,1.0,0.9,1.2,0.4,1.1,1.0,2.3,1.2,1.1,1.1,1.0,0.8,0.6,1.0,1.8,0.8,1.0,2.2,4.2,1.4,0.6,0.5,2.4,0.6,0.9,1.2,0.6,0.4,1.1,1.2,1.6,0.6,0.9,0.8,0.8,0.8,0.8,0.9,0.8,0.9,2.0,1.5,0.4,0.7,0.9,1.3,1.3,1.8,1.2,1.4,0.9,1.1,0.7,0.9,1.1,0.8,0.9,0.4,1.1,1.7,1.0,0.4,1.2,0.4,0.6,0.4,2.1,0.7,1.0,1.5,0.8,0.4,0.7,0.5,0.7,1.4,1.0,1.7,1.4,0.5,0.6,0.7,1.0,0.6,0.6,1.7,1.4,0.7,0.8,0.8,1.1,1.4,1.2,1.1,0.6,0.7,1.4,1.2,0.8,0.5,1.1,0.6,0.9,1.6,0.3,0.9,1.0,0.7,0.2,0.3,0.5,1.1,1.6,0.3
gna14,1.1,1.0,0.9,1.2,0.9,0.9,0.8,1.7,0.9,1.0,0.9,0.9,0.7,1.1,0.8,0.9,0.9,1.3,1.5,2.5,1.5,1.3,1.6,1.4,1.6,1.0,1.2,1.3,1.0,1.0,1.6,1.7,1.1,1.3,1.8,1.2,1.4,1.7,8.5,2.6,1.8,1.2,1.3,2.4,2.3,1.2,1.8,1.2,1.2,1.1,0.9,0.9,0.8,0.7,1.2,1.3,0.8,0.7,1.1,0.5,1.2,1.9,0.8,1.0,1.5,1.5,1.3,1.2,1.0,4.2,1.1,6.7,1.5,1.5,1.8,1.1,4.7,1.5,0.8,1.3,0.9,1.5,0.9,1.3,0.5,1.5,1.0,0.4,0.9,0.9,1.5,1.3,1.4,0.6,0.9,4.9,1.5,0.5,0.6,0.2,0.8,1.0,1.0,1.1,1.1,1.3,1.1,1.2,1.2,1.9,4.0,0.5,1.6,1.4,0.8,1.0,0.8,0.8,1.4,1.0,1.6,3.2,0.7,0.7,0.9,0.9,0.8,0.3,1.3,1.5,0.1,0.8,0.7,3.3,1.0,1.1,1.4,1.5,1.2,0.9,0.4,0.8,1.1,0.9,0.4,0.6,0.5,0.7,0.8,1.4,0.8,1.4,0.7,0.3,0.8,0.8,1.5,4.3,1.8,1.0,1.3,0.8,0.4,2.8,1.2,1.1,1.9,1.5,1.6,1.1,0.9,1.1,1.3,1.1,1.6,0.1,1.1,1.0,1.2,1.2,1.4,2.1,1.3,1.0,2.1,1.1,1.0,1.2,1.2,1.1,0.3,0.5,0.2,5.1,2.4,1.1,2.0,1.0,1.1,0.6,1.0,1.4,1.5,2.7
gnai1,1.8,2.3,3.3,2.5,2.4,2.7,3.3,2.0,2.5,2.4,2.5,3.5,3.2,2.5,2.4,3.0,3.0,3.1,2.8,1.1,0.9,1.5,1.2,1.4,0.9,1.7,1.0,1.2,0.7,1.1,1.0,1.7,1.9,2.0,1.5,1.1,0.9,0.9,1.0,1.2,0.7,0.8,0.8,0.8,1.4,1.9,0.9,2.8,0.5,0.5,0.8,0.4,0.6,0.4,0.5,1.4,0.5,0.6,0.9,0.8,0.5,0.8,1.0,0.9,2.0,1.5,1.1,0.1,1.2,0.6,0.6,0.9,0.7,0.9,1.2,0.8,0.9,0.8,1.1,0.9,0.9,0.8,0.7,1.4,1.5,1.2,0.7,0.6,1.0,1.4,0.4,0.5,1.1,0.1,0.7,1.3,2.5,0.9,0.7,0.9,0.6,0.6,0.5,0.7,0.8,0.7,0.5,0.8,1.7,0.5,0.4,0.2,1.7,0.6,0.7,0.8,0.6,0.3,0.7,0.6,0.9,1.1,0.6,0.6,0.7,0.6,1.2,0.3,0.6,0.5,1.1,0.7,0.9,0.4,0.5,0.2,0.3,0.8,0.4,0.6,0.7,0.3,0.3,0.8,0.6,0.7,0.6,0.2,1.9,0.6,0.4,0.6,0.1,0.6,0.9,0.4,2.5,0.4,0.5,0.4,0.7,0.7,0.5,0.5,0.6,0.5,0.4,0.6,0.6,0.4,0.4,0.6,0.5,0.5,0.9,0.4,0.7,0.3,0.3,0.4,0.6,1.0,0.8,1.0,0.0,0.6,0.5,0.7,2.2,0.8,0.6,0.3,0.5,0.1,0.0,0.6,0.7,0.8,0.3,0.1,0.2,0.9,0.3,0.6
gnai2,2.3,1.5,1.4,1.5,1.5,1.3,1.2,0.8,1.0,0.9,0.8,0.9,0.7,0.7,0.6,0.9,0.7,1.5,0.4,0.1,1.1,1.5,1.1,1.0,1.0,0.7,1.4,1.2,0.5,0.5,0.4,0.7,2.6,1.9,0.8,1.7,0.7,0.6,0.1,0.6,0.6,0.7,0.7,3.5,0.7,1.7,2.0,2.8,0.6,0.5,0.9,0.2,0.4,0.4,2.3,2.1,0.4,1.0,0.7,0.9,1.1,1.3,0.7,1.1,3.1,2.5,2.8,1.0,2.1,0.4,0.8,0.1,3.8,0.4,0.6,0.8,0.4,1.8,1.4,1.5,1.9,1.3,3.7,1.5,10.9,1.3,2.7,1.6,2.4,2.1,0.8,0.7,1.2,0.3,2.2,0.7,0.7,0.7,0.5,0.3,0.8,1.4,1.0,1.3,1.0,1.0,0.6,2.0,2.4,1.3,0.6,5.9,0.4,4.4,0.4,1.1,0.7,0.7,1.1,1.2,2.1,0.6,1.9,2.8,1.4,3.2,1.2,9.9,2.5,1.3,2.9,1.4,2.1,0.2,0.5,0.4,0.7,0.7,0.6,0.8,1.2,0.8,0.5,1.1,0.4,0.7,0.8,2.2,1.7,1.5,0.4,3.2,1.0,4.8,2.4,0.1,1.0,0.2,1.5,0.6,0.9,2.1,0.0,0.6,0.6,0.7,0.6,0.9,0.5,2.1,10.1,2.2,1.8,4.2,2.0,1.6,1.5,0.4,1.3,1.2,1.3,1.9,1.2,0.8,4.2,3.9,1.9,0.9,0.6,2.9,0.4,0.5,0.6,0.1,0.5,1.8,1.6,1.7,0.3,3.3,5.8,3.1,1.7,0.6
gnai3,0.8,0.8,0.9,0.8,0.7,0.7,0.3,0.1,1.4,1.3,1.2,0.9,0.8,0.8,0.9,0.6,0.6,0.9,0.9,1.5,1.6,1.1,1.2,1.0,1.4,1.4,1.1,1.2,1.1,1.2,1.0,1.0,0.6,0.7,0.0,0.6,1.3,1.4,0.5,1.0,1.1,0.6,1.1,1.8,0.9,0.9,0.8,0.7,0.9,1.7,0.8,1.3,1.4,1.0,1.1,0.8,1.7,0.8,1.6,2.3,1.8,1.6,0.4,1.6,1.1,0.4,0.9,1.1,0.6,1.0,0.9,4.7,1.8,0.6,1.1,1.1,1.2,1.7,0.8,1.0,0.9,1.6,0.5,0.7,2.4,0.5,0.3,0.2,0.3,0.7,0.9,0.6,1.3,0.3,0.8,0.6,2.4,0.7,0.8,0.8,0.5,0.4,0.4,1.7,0.6,1.0,0.9,1.5,3.3,1.5,0.4,1.6,0.8,0.6,1.8,1.1,1.1,0.1,1.2,1.4,2.3,1.6,0.5,0.6,0.5,0.7,0.4,1.6,1.0,1.0,1.1,1.8,0.3,1.1,0.8,1.3,0.8,1.1,0.4,1.2,1.2,0.6,0.8,0.3,1.1,0.9,1.0,0.6,1.2,1.6,0.6,1.5,1.5,1.4,0.4,0.8,1.0,0.8,1.3,1.5,1.1,0.6,0.8,1.5,0.5,1.0,1.0,1.5,0.8,1.5,1.4,1.1,0.9,0.7,1.1,3.4,1.6,1.1,0.7,0.7,1.6,1.3,1.8,1.3,2.3,1.1,1.2,1.5,1.8,0.7,1.2,0.9,1.2,1.1,0.9,1.5,1.6,0.7,0.3,3.4,3.4,2.8,1.9,0.9
gnao1,0.2,0.2,0.1,0.2,0.1,0.2,0.1,0.3,0.2,0.1,0.2,0.4,0.2,0.2,0.1,0.2,0.4,0.1,0.0,0.3,4.4,2.8,0.8,2.8,2.8,2.9,1.6,1.1,0.2,0.2,0.1,0.3,1.4,0.3,0.3,0.2,0.3,0.6,0.1,0.2,1.0,0.2,0.6,0.0,0.1,2.0,0.7,0.4,0.7,0.2,0.3,0.2,0.1,0.1,0.3,1.2,0.1,0.9,0.9,1.7,1.9,1.5,1.4,1.0,0.3,0.5,0.1,0.9,1.5,0.2,0.2,0.0,0.2,0.3,0.3,3.0,0.2,4.4,1.9,3.9,2.7,2.1,0.1,0.5,0.0,0.1,0.2,2.2,0.7,0.2,0.7,1.2,1.5,0.1,1.7,0.1,0.1,0.2,0.4,1.0,0.2,0.1,0.1,0.3,0.8,0.1,0.3,10.0,15.5,8.1,0.3,0.6,1.5,0.1,0.7,1.6,0.1,0.2,1.6,4.2,4.0,0.2,1.8,0.2,0.2,0.1,0.2,0.3,0.1,0.9,16.8,7.5,1.4,0.3,1.0,0.9,0.7,1.0,0.8,0.3,0.1,0.0,0.4,0.2,0.3,0.1,0.2,0.3,1.1,0.2,0.7,0.1,0.0,0.0,1.3,0.1,0.2,0.2,0.8,0.3,0.2,1.6,0.5,0.1,0.5,1.5,0.7,0.7,1.3,0.0,0.1,0.2,0.3,0.1,0.2,19.0,8.1,0.1,0.1,0.1,4.0,4.4,1.5,1.1,0.0,0.2,0.2,0.2,0.1,1.0,0.2,0.2,0.0,0.1,0.2,1.7,2.1,0.3,0.1,0.3,0.2,0.8,0.5,0.1
gnaz,0.2,0.2,0.2,0.2,0.2,0.3,0.2,0.1,0.1,0.1,0.2,0.2,0.1,0.2,0.2,0.5,0.2,0.3,0.0,0.0,1.6,0.1,0.3,0.1,0.1,0.0,0.0,0.1,0.6,1.4,0.6,0.2,0.1,0.1,0.0,0.3,1.5,1.1,0.7,3.8,12.0,0.1,0.3,0.5,3.5,0.1,0.1,0.1,0.5,0.9,0.9,0.4,1.6,0.8,0.1,0.2,0.4,0.3,0.2,0.6,0.3,0.2,0.3,0.2,0.2,0.3,0.2,0.1,0.2,0.3,0.2,0.6,0.9,3.2,2.1,2.8,0.1,0.2,0.2,0.1,0.1,0.1,0.1,0.1,0.0,0.1,0.1,0.3,0.1,0.1,0.3,0.3,0.1,0.1,0.2,0.1,1.2,1.0,0.2,0.0,0.1,0.1,0.1,0.3,0.3,0.3,0.6,1.5,4.2,1.0,5.6,0.1,0.2,0.3,0.4,0.1,0.1,0.0,0.1,0.2,0.0,0.1,0.1,0.2,0.1,0.1,0.0,0.0,0.2,0.1,4.8,1.7,0.2,4.3,0.4,0.1,0.2,0.1,0.5,0.4,0.5,0.5,0.2,0.2,0.1,0.9,0.2,0.3,0.0,0.1,0.1,0.5,0.5,0.3,0.1,0.0,1.0,0.2,0.3,0.4,0.4,0.1,0.2,0.4,0.4,0.3,0.1,0.1,0.3,0.0,0.0,0.1,0.2,0.1,0.0,3.7,1.3,0.9,0.1,0.1,0.1,0.2,0.1,0.1,0.1,0.2,0.2,0.2,0.6,0.1,0.3,0.1,0.5,6.0,7.9,0.2,0.1,0.1,0.0,0.0,0.1,0.3,0.1,0.0
gnb1,3.7,4.3,3.3,4.2,3.6,3.1,3.2,3.8,6.1,5.4,6.1,4.6,4.1,4.7,5.8,6.4,4.0,6.2,7.2,4.3,6.2,4.4,5.2,6.3,5.5,5.0,5.9,4.6,4.7,6.0,4.9,4.0,3.3,3.6,3.3,4.6,5.1,4.4,4.2,5.7,6.0,3.3,4.7,5.7,4.6,3.2,5.1,4.4,3.9,3.4,3.8,2.6,3.5,2.9,5.3,3.1,2.1,2.7,3.7,4.8,3.4,4.5,3.3,3.6,3.7,4.0,3.4,3.0,2.6,3.5,2.9,3.9,5.3,3.0,2.7,5.2,3.1,4.6,5.2,4.5,5.0,4.0,2.7,3.4,4.9,3.4,4.5,2.1,3.5,5.2,3.8,4.2,3.7,1.9,4.6,3.9,4.3,5.2,5.0,4.2,4.5,2.7,3.7,4.7,3.7,3.4,3.1,6.9,9.0,7.2,4.0,5.8,2.3,2.9,6.4,4.1,3.4,3.6,4.4,4.4,6.9,3.0,4.2,2.6,3.4,3.3,2.7,4.9,3.6,3.6,6.8,6.6,2.5,2.4,3.1,4.8,3.6,3.9,3.9,3.3,4.0,2.7,5.0,2.7,4.7,4.6,4.9,3.3,4.5,3.9,1.3,4.3,2.3,5.6,3.1,2.1,3.7,2.9,3.3,3.3,3.4,2.0,1.3,2.4,2.9,3.7,3.5,4.5,3.5,3.5,4.1,3.1,3.4,2.5,3.1,6.8,5.6,2.2,2.8,2.8,3.4,4.7,3.7,3.3,9.5,3.9,3.6,3.2,2.1,2.9,3.4,2.1,2.0,2.3,2.3,4.6,4.8,3.1,1.9,3.6,7.3,4.0,4.3,2.2
gnb2l1,3.5,3.5,3.4,3.4,3.7,3.5,4.0,2.1,6.4,6.3,6.3,6.5,6.3,6.6,6.4,6.6,7.8,5.7,6.6,13.4,13.3,18.2,16.2,11.5,13.9,12.7,15.0,14.0,16.0,14.7,17.1,8.2,17.6,16.9,15.2,15.9,16.3,17.1,7.3,10.8,10.1,16.4,17.4,11.8,13.6,18.6,10.9,13.2,21.8,20.4,20.8,17.8,19.8,20.9,14.9,21.3,14.1,20.6,18.7,16.4,17.6,14.1,17.3,17.3,19.2,19.2,18.2,12.3,21.2,9.1,18.3,11.8,8.5,13.7,15.4,16.2,9.6,20.7,19.7,18.8,14.1,22.1,25.7,23.3,20.9,27.0,22.6,23.6,24.1,10.8,26.5,27.0,22.2,21.3,23.1,24.2,13.5,19.2,23.9,17.4,22.9,24.6,24.7,23.7,23.4,27.8,28.5,14.8,16.7,19.9,11.9,19.5,10.3,18.5,13.5,23.8,29.0,29.4,22.4,22.0,18.4,27.3,25.2,26.6,28.9,28.6,31.4,27.5,27.2,23.2,10.8,19.1,31.6,16.5,29.6,26.8,28.3,27.0,28.9,29.3,26.2,28.2,30.4,30.7,26.2,23.2,24.1,23.1,15.3,25.1,13.9,18.9,14.7,19.3,30.1,26.3,13.7,9.9,27.3,25.8,30.0,31.5,11.7,8.5,30.3,23.3,27.2,26.5,27.6,26.4,22.9,26.9,27.1,27.4,27.0,17.4,17.7,30.6,24.6,26.1,22.5,18.8,22.3,22.1,9.4,16.5,25.1,25.6,16.7,29.0,22.9,26.6,23.5,12.3,15.0,25.9,23.5,28.6,25.7,23.1,15.8,21.0,22.5,26.3
gnb3,0.1,0.1,0.1,0.1,0.1,0.1,0.1,0.0,0.1,0.0,0.1,0.0,0.0,0.0,0.1,0.1,0.0,0.0,0.2,5.8,0.1,0.0,0.1,0.1,0.1,0.1,0.0,0.0,0.3,0.3,5.6,0.9,0.1,0.1,0.0,0.0,0.1,0.1,6.9,1.6,1.2,0.1,0.1,0.0,1.3,0.2,0.0,0.0,0.2,0.3,0.2,6.5,0.4,0.3,0.0,0.1,0.9,0.1,0.0,0.1,0.1,0.0,0.1,0.2,0.0,0.0,0.1,0.2,0.0,9.8,0.1,5.4,0.0,1.1,1.9,0.1,10.3,0.1,0.6,0.2,0.4,0.1,0.0,0.1,0.1,0.0,0.0,0.1,0.2,0.1,0.1,0.1,0.2,0.0,0.0,14.3,2.9,0.2,0.1,0.2,0.2,0.0,0.0,0.2,0.0,0.1,0.3,0.1,0.3,0.1,3.9,0.1,1.5,0.2,0.7,0.1,0.2,0.0,0.1,0.1,0.2,13.5,0.0,0.0,0.0,0.1,0.1,0.0,0.1,0.1,0.3,0.3,0.0,4.3,0.0,0.2,0.2,0.2,0.1,0.3,0.1,0.2,0.3,0.3,0.3,0.3,0.1,0.2,0.2,0.1,1.0,0.1,0.1,0.0,0.1,0.2,2.3,10.4,0.1,0.2,0.3,0.1,1.6,8.9,0.2,0.3,0.1,0.1,0.1,0.0,0.1,0.0,0.1,0.1,0.0,0.0,0.2,0.1,0.0,0.1,0.1,0.0,0.1,0.1,0.4,0.2,0.2,0.3,5.8,0.1,0.4,0.2,0.2,3.5,4.7,0.0,0.1,0.1,0.0,0.0,0.0,0.3,0.0,15.0
gng5,11.4,16.6,20.6,16.1,18.4,21.5,21.8,23.0,17.9,20.0,24.2,24.0,25.7,21.5,22.8,27.6,22.3,26.4,22.8,15.4,9.9,12.7,13.0,12.0,12.5,10.1,13.0,12.7,21.0,26.2,26.6,14.9,9.2,15.8,13.6,16.8,19.5,14.8,26.4,18.5,17.1,18.2,11.5,17.1,23.5,13.0,12.4,13.0,9.0,12.5,12.6,20.7,19.9,15.3,14.4,10.3,10.2,10.3,9.8,9.2,10.4,9.5,10.8,10.2,12.0,12.2,14.1,9.4,6.8,16.1,14.9,10.6,11.8,11.9,14.0,7.4,10.9,5.2,6.6,4.5,7.6,5.2,11.2,8.7,7.9,10.3,10.0,4.7,8.7,7.1,5.2,5.0,6.0,11.0,9.4,16.6,7.8,13.6,9.0,9.7,10.5,12.4,10.2,7.6,6.3,6.4,5.6,2.3,1.8,3.7,6.3,12.7,8.0,10.6,15.5,7.2,12.0,11.8,5.6,6.1,6.2,15.9,6.9,14.0,10.1,10.0,9.9,7.3,9.7,5.6,1.5,3.6,5.5,8.3,6.1,4.6,5.3,4.7,5.4,5.8,7.8,8.8,6.6,4.7,9.1,10.7,8.5,9.6,4.3,7.1,6.9,11.9,20.7,9.5,7.8,10.7,8.6,9.8,5.8,7.1,6.4,5.1,5.5,8.1,4.5,4.7,4.7,4.8,5.0,11.5,10.3,8.4,8.3,9.3,8.4,3.3,3.4,5.8,10.6,11.3,5.5,4.2,6.4,6.3,12.4,11.2,7.5,7.2,3.7,6.7,7.6,8.1,9.4,6.0,5.4,7.4,5.9,8.3,9.9,9.8,11.3,4.7,6.2,13.7
gng7,0.6,0.5,0.7,0.6,0.5,0.6,0.5,0.3,0.6,0.6,0.7,0.6,0.5,0.5,0.6,0.7,1.0,0.4,0.7,2.7,1.0,0.7,0.9,1.1,0.9,0.8,1.0,0.8,1.2,1.5,1.4,0.2,0.4,0.5,0.7,0.5,0.9,1.1,1.9,1.9,2.5,0.5,0.8,0.8,1.4,0.4,1.5,0.6,0.8,0.9,0.3,0.6,0.8,0.6,0.7,0.5,0.2,0.7,0.5,0.7,0.5,0.2,0.1,0.5,0.5,0.9,0.5,1.4,0.4,1.1,0.5,3.4,0.8,1.5,0.8,0.8,1.6,0.9,0.6,0.8,1.0,1.0,0.8,0.9,1.2,0.5,0.8,0.4,0.6,1.0,0.9,0.9,0.9,0.5,1.7,1.0,1.9,1.5,1.9,2.0,1.2,0.7,0.3,1.1,1.2,1.5,1.2,1.8,1.0,1.4,2.0,0.6,0.4,0.6,0.5,1.1,0.7,0.6,0.8,0.8,0.9,0.9,0.6,0.7,0.8,0.7,0.4,1.4,1.1,1.3,1.0,1.2,0.5,2.1,1.7,1.1,1.0,1.3,0.7,1.0,0.7,1.1,0.8,1.3,1.2,1.4,2.0,1.5,1.4,0.9,0.3,0.5,1.3,0.8,0.5,0.3,2.4,1.7,1.1,1.3,0.9,0.6,0.6,0.9,0.6,1.3,1.1,1.2,1.2,0.2,0.5,0.9,1.3,0.9,1.0,1.0,1.2,0.6,0.5,0.6,1.1,1.2,0.8,0.7,0.3,0.5,0.8,1.3,1.9,0.7,1.6,0.6,1.1,1.6,3.6,0.6,1.0,0.9,0.6,1.2,0.6,0.9,1.1,0.6
gnl2,0.5,0.4,0.4,0.4,0.6,0.4,0.4,0.3,0.5,0.5,0.4,0.5,0.5,0.5,0.4,0.2,0.5,0.6,0.7,1.2,0.4,0.9,0.8,0.3,0.6,0.2,0.7,0.7,0.7,0.5,0.5,0.1,0.6,0.6,1.2,0.9,0.5,0.7,0.3,0.4,0.1,0.9,0.9,0.4,0.2,0.9,0.7,0.1,1.0,0.8,0.7,0.5,0.7,0.6,0.9,1.1,0.2,0.7,0.7,0.5,0.4,0.6,0.1,0.7,0.6,0.6,0.7,0.1,0.5,0.5,0.9,0.1,0.2,0.8,0.7,0.5,0.4,0.7,1.1,1.1,0.4,1.1,1.1,0.7,1.2,0.6,0.8,0.7,1.1,0.4,1.4,1.3,1.0,1.1,1.0,1.2,0.3,0.6,0.7,0.7,1.1,1.3,1.1,0.9,0.6,0.9,1.9,0.2,0.5,1.6,0.3,1.1,0.0,1.2,0.1,1.0,1.1,1.0,0.8,0.7,0.6,1.0,0.7,0.7,0.9,1.1,0.8,0.6,0.7,0.4,0.2,0.4,0.9,0.4,1.9,1.3,1.5,1.2,1.6,0.7,1.5,0.8,1.2,2.0,0.6,0.7,0.7,0.8,0.1,0.5,0.0,1.2,0.2,0.9,1.1,1.4,0.3,0.2,0.9,1.2,1.2,0.9,0.0,0.3,1.2,1.0,1.5,1.3,1.4,0.7,0.9,0.7,0.7,1.2,0.9,0.1,0.5,1.4,1.2,1.2,0.7,0.7,1.1,1.1,0.3,0.8,0.9,0.7,0.9,1.2,0.7,0.7,0.7,0.1,0.2,0.7,0.7,1.1,1.1,0.8,0.5,0.9,0.6,0.8
golga7,1.2,0.5,0.6,0.5,0.4,0.5,0.6,0.0,0.6,0.5,0.6,0.7,0.4,0.4,0.6,0.6,0.5,0.5,0.3,0.4,0.8,1.0,0.8,0.4,0.7,0.6,0.7,0.9,0.9,1.1,1.1,0.9,0.8,0.8,0.5,0.6,0.9,1.1,0.4,0.6,1.0,0.6,1.1,0.7,1.9,0.9,1.0,1.2,0.9,0.6,1.2,0.4,0.6,0.9,0.6,0.7,0.7,0.7,0.5,0.4,0.6,0.7,0.6,0.6,0.9,0.5,0.7,0.2,0.6,0.5,0.8,0.3,1.3,0.4,1.0,0.4,1.0,1.4,2.2,1.3,1.2,1.2,0.9,1.4,1.5,1.1,1.5,0.7,0.8,1.6,1.2,1.7,1.6,0.3,1.2,1.3,4.1,1.2,1.3,1.4,1.5,1.3,0.5,1.1,1.3,1.5,1.3,1.6,1.4,1.0,1.1,1.9,2.1,0.4,0.5,1.0,0.9,0.5,1.5,1.0,1.0,0.5,1.2,0.9,0.7,0.5,0.8,0.3,1.4,0.6,2.0,1.1,0.7,0.7,1.5,1.9,1.0,1.0,1.3,0.8,0.9,1.1,1.5,1.6,0.9,1.1,1.1,0.7,0.3,0.9,0.7,0.9,0.7,1.1,0.9,1.0,4.0,1.1,1.0,1.2,1.0,0.7,1.2,1.0,0.9,0.7,1.1,1.4,1.0,1.4,0.3,1.0,0.8,0.8,0.7,1.2,1.3,0.9,0.7,0.8,1.1,1.2,1.3,0.8,1.5,1.2,0.6,1.5,3.1,1.0,1.1,0.7,1.3,1.3,0.5,0.8,1.0,0.8,1.0,0.8,1.5,1.0,0.9,0.5
golph3,2.3,2.2,2.2,2.4,2.2,1.9,1.6,0.9,2.0,1.8,1.8,1.3,1.1,1.4,1.7,1.6,0.7,1.3,1.5,0.8,1.4,1.4,1.3,1.5,1.5,1.7,1.4,1.7,1.1,1.6,1.2,1.2,0.9,0.9,0.7,0.8,1.5,1.4,1.0,1.6,0.6,0.5,1.3,1.8,1.6,0.9,2.3,1.4,1.4,1.1,1.4,0.9,1.1,1.2,0.8,1.4,0.8,0.9,0.9,0.9,1.9,1.0,1.0,1.5,0.8,1.2,1.0,1.0,1.0,1.3,0.7,0.8,1.4,0.7,0.9,1.7,0.8,1.5,1.7,1.3,1.8,1.6,0.6,0.8,0.4,0.8,0.5,0.5,1.1,2.2,1.2,1.0,1.0,0.5,1.0,1.4,2.2,1.1,1.3,1.3,1.0,0.6,0.9,1.3,1.6,1.3,0.8,1.2,0.7,1.1,1.4,0.7,0.9,0.8,0.6,1.2,1.0,0.5,1.5,1.3,1.5,1.1,1.2,0.9,0.7,0.8,0.5,0.8,1.4,1.5,1.6,1.2,0.7,0.5,1.2,1.1,1.1,1.3,1.3,1.3,1.1,1.5,1.5,1.0,1.0,0.9,1.4,1.6,1.9,1.5,0.6,1.0,0.8,1.2,1.0,0.9,0.5,1.0,1.4,0.6,1.0,0.4,0.8,0.9,0.7,1.5,1.1,1.2,1.2,0.3,1.0,1.1,0.8,0.8,0.6,2.0,1.3,0.6,0.8,0.6,1.4,1.6,1.4,1.0,2.1,0.8,1.3,1.0,0.9,1.0,1.3,1.0,0.7,1.0,0.9,0.9,1.1,0.8,0.8,1.4,0.9,1.2,1.4,0.8
golph3l,1.7,1.6,1.1,1.5,1.4,1.3,1.5,1.1,0.4,0.4,0.3,0.3,0.2,0.2,0.5,0.4,0.2,0.4,0.6,3.0,0.9,0.1,0.1,0.3,0.1,0.1,0.1,0.0,0.2,0.3,0.5,5.3,0.1,0.1,0.0,0.5,0.2,0.1,5.3,2.8,3.6,0.1,0.1,0.1,1.3,0.2,1.0,0.1,0.1,0.2,0.2,0.6,0.2,0.2,0.6,0.1,2.4,0.1,0.1,0.1,0.1,0.0,0.1,0.1,0.3,0.1,0.1,0.3,0.2,4.0,0.1,3.3,0.4,2.2,0.9,0.8,3.6,0.2,0.1,0.2,0.1,0.4,0.2,0.3,1.0,0.1,0.0,0.3,0.1,0.4,0.2,0.1,0.1,0.1,0.2,1.5,3.6,0.2,0.3,0.1,0.1,0.3,0.2,0.1,0.1,0.3,0.2,0.8,0.0,0.5,3.8,0.9,6.0,0.3,0.3,0.2,0.2,0.1,0.4,0.2,0.1,1.2,0.0,0.1,0.0,0.1,0.0,0.1,0.3,0.4,1.2,0.6,0.2,1.8,0.1,0.2,0.1,0.1,0.1,0.3,0.1,0.3,0.3,0.3,0.3,0.2,0.2,0.4,0.0,0.3,4.4,0.3,0.0,1.1,0.1,0.0,3.9,3.1,0.5,0.4,0.2,0.3,3.2,2.1,0.3,0.1,0.2,0.3,0.2,0.2,0.3,0.4,0.2,0.2,0.1,0.5,0.5,0.3,0.1,0.1,0.2,0.5,0.2,0.2,0.2,0.2,0.3,0.2,6.4,0.1,0.3,0.2,0.2,2.5,2.0,0.2,0.2,0.1,0.3,0.4,1.7,0.6,0.3,1.3
golt1b,1.1,1.3,1.2,1.3,1.3,1.1,0.8,1.6,1.2,1.2,1.2,1.0,1.0,1.1,1.2,1.1,0.9,0.6,1.8,0.8,1.1,1.0,0.7,0.9,0.8,0.7,0.6,0.8,1.1,1.1,0.9,0.4,1.0,0.6,0.4,0.9,0.9,1.1,0.6,0.8,1.0,0.6,0.8,1.3,0.9,0.8,2.1,0.9,0.9,0.9,0.9,1.4,1.2,1.4,1.3,1.1,0.6,1.1,0.7,0.9,0.9,1.0,1.2,0.8,0.7,1.7,0.9,2.1,1.1,1.2,0.7,0.8,1.1,1.1,1.3,1.3,1.1,1.1,0.9,0.8,1.5,0.8,0.8,1.3,1.2,0.9,1.6,1.1,0.9,3.3,1.0,1.0,1.0,0.3,1.1,1.7,2.8,1.2,1.8,1.4,1.8,0.9,0.6,1.2,1.7,1.3,0.7,1.2,1.2,1.3,1.4,1.4,1.1,1.1,1.1,1.0,0.7,0.7,1.1,1.0,1.1,1.4,0.6,0.7,0.9,1.1,0.9,1.0,1.0,0.7,1.9,0.9,1.0,1.1,1.5,1.0,1.0,1.0,1.3,1.1,1.2,0.9,1.2,0.7,1.7,1.6,1.4,1.7,1.4,0.7,1.2,0.7,1.0,1.3,1.0,0.7,3.9,1.2,0.9,0.8,0.8,1.1,1.0,1.1,0.9,1.1,0.9,0.8,1.1,0.5,0.6,0.7,1.7,0.8,0.5,3.6,0.8,0.9,0.8,0.9,0.9,0.9,1.1,1.1,1.5,1.0,0.7,0.9,4.3,1.0,1.6,1.4,1.5,1.4,0.5,0.7,0.9,0.9,0.7,3.1,1.3,1.0,0.9,1.5
gorasp2,1.9,1.7,1.7,1.8,1.6,1.8,2.6,0.8,1.6,1.5,1.5,1.9,1.9,1.9,1.8,1.9,2.5,2.1,3.0,3.3,2.1,1.3,1.4,3.4,1.6,1.8,2.5,1.7,2.1,2.2,2.2,1.0,1.8,2.4,3.6,2.6,1.4,1.6,2.5,1.7,1.3,1.4,1.3,2.0,2.4,1.7,5.7,3.4,1.3,1.1,1.2,1.2,1.5,1.6,2.7,1.5,1.6,1.6,1.4,1.1,1.1,2.4,1.4,1.2,2.4,2.3,1.7,2.8,1.3,1.8,1.2,3.4,2.8,1.3,2.8,1.6,2.3,1.6,1.8,2.0,2.9,1.7,1.1,2.4,2.4,1.9,1.4,0.8,1.3,4.7,1.2,2.0,1.8,1.1,2.0,3.0,6.5,2.4,2.9,2.0,3.2,1.1,1.5,1.2,2.1,1.7,1.4,2.5,3.0,1.3,1.3,1.8,1.1,1.1,1.3,1.5,1.3,0.8,1.7,1.6,1.6,2.6,1.1,1.1,1.6,1.2,1.9,1.4,0.9,1.1,2.8,1.9,0.9,1.9,1.4,1.8,1.4,2.0,1.1,1.1,1.2,2.1,1.1,1.1,2.4,1.8,2.9,4.1,4.7,1.5,1.3,1.8,2.7,3.7,1.2,1.0,8.6,2.6,1.2,1.7,1.3,1.1,0.6,2.6,1.1,2.0,1.4,1.6,1.6,0.9,1.6,1.5,2.1,1.0,1.8,1.7,2.4,1.2,1.0,1.4,1.8,1.8,1.7,1.7,1.7,1.9,0.9,1.6,5.4,1.1,2.7,2.2,2.5,1.4,0.8,1.0,1.6,1.5,1.3,2.4,3.4,1.3,1.3,2.2
gosr1,0.6,0.2,0.1,0.2,0.3,0.2,0.1,0.0,0.2,0.2,0.2,0.2,0.1,0.2,0.2,0.1,0.4,0.0,0.3,0.7,0.7,0.7,0.6,0.8,0.4,0.7,0.5,0.4,0.4,0.7,0.6,0.6,0.3,0.3,0.5,0.5,0.6,0.5,1.1,0.5,0.0,0.2,0.4,0.8,1.0,0.4,1.0,0.7,0.4,0.5,0.6,0.2,0.5,0.4,0.4,0.4,0.3,0.4,0.6,0.6,0.4,0.3,0.1,0.3,0.3,0.3,0.3,0.8,0.3,0.7,0.4,1.9,0.1,0.2,0.8,0.5,1.0,0.7,0.8,1.1,1.2,0.5,0.7,0.6,0.4,0.4,0.4,0.2,0.6,0.7,0.8,0.6,0.7,0.5,0.6,1.1,1.2,0.6,0.6,0.2,0.5,0.6,0.7,0.9,0.7,0.7,0.9,1.0,1.3,0.8,0.9,0.6,0.5,1.0,0.5,0.6,0.6,0.4,0.5,0.5,0.6,0.9,0.9,0.3,0.5,0.4,0.5,0.0,0.7,0.4,1.5,0.9,0.3,1.4,0.4,0.4,0.5,0.4,0.7,0.6,0.5,0.2,0.5,0.3,0.8,0.8,1.0,0.5,0.8,0.6,0.8,0.6,0.1,0.3,0.5,0.2,1.3,0.9,0.7,0.5,0.4,0.4,0.4,0.4,0.4,0.4,0.6,0.7,0.5,0.5,1.1,0.4,0.5,0.5,0.6,0.3,0.9,0.5,0.4,0.5,0.5,0.8,0.5,0.5,0.6,0.7,0.6,0.7,1.0,0.6,0.8,0.5,0.6,2.4,0.7,0.4,0.5,0.6,0.3,0.8,0.5,0.9,0.7,0.6
got2,2.5,1.3,1.2,1.3,1.3,1.1,1.1,0.7,0.9,0.9,0.8,1.0,1.1,0.9,0.8,0.7,1.0,0.9,1.0,1.1,0.7,0.9,0.6,1.2,0.7,0.7,0.6,0.7,0.7,0.6,0.9,0.7,0.8,0.7,0.7,0.4,0.5,0.6,0.5,0.5,0.4,0.7,0.7,1.4,0.6,0.9,0.7,0.4,0.8,0.7,0.7,0.9,0.7,0.7,0.5,0.7,0.7,0.9,0.5,1.2,0.9,0.9,0.7,0.7,0.6,0.2,0.5,0.7,0.8,0.8,0.7,0.8,0.5,1.3,0.6,0.6,0.3,0.7,0.6,0.8,1.5,0.5,0.6,0.5,0.3,0.7,0.6,0.5,0.7,0.6,0.8,1.0,0.8,0.8,0.5,0.6,0.3,0.6,0.5,0.9,0.4,0.5,0.3,0.8,0.8,0.4,0.8,0.7,0.3,0.4,1.0,0.4,1.1,0.6,0.5,0.6,0.5,0.8,0.6,0.5,0.4,0.7,1.0,0.5,0.6,0.5,1.1,0.7,0.7,0.6,0.0,0.8,0.6,0.9,0.8,0.7,0.7,0.8,0.6,0.6,0.9,0.5,0.4,1.1,0.4,0.5,0.3,0.4,1.4,0.6,0.6,0.5,0.4,0.2,0.7,0.7,0.1,0.4,0.6,0.6,0.7,0.8,0.7,0.3,0.5,0.8,0.7,0.8,0.6,0.6,0.6,0.4,0.6,0.6,1.2,0.3,0.5,1.1,0.6,0.7,0.6,0.5,0.7,0.7,0.3,0.6,0.5,0.8,0.2,0.9,0.7,0.6,0.6,1.2,0.7,1.1,0.8,0.7,0.5,0.7,0.3,0.6,0.6,0.8
gpa33,4.5,3.5,2.6,3.4,3.3,3.5,3.1,3.4,1.7,1.8,2.1,2.0,2.5,1.7,1.9,2.5,1.4,2.9,0.8,7.4,3.1,0.8,0.7,0.5,0.2,0.2,0.2,0.2,7.6,5.6,7.5,0.8,0.1,0.2,0.0,0.4,1.5,1.0,5.7,2.7,3.0,0.3,0.9,0.8,1.7,0.1,0.2,0.2,0.9,1.9,1.4,6.4,3.6,5.4,0.3,0.2,0.4,0.8,0.5,0.2,0.3,0.5,0.4,0.2,0.3,0.2,0.3,0.1,0.1,3.8,0.3,5.4,0.7,2.5,1.2,5.6,9.2,0.1,0.1,0.4,0.4,0.2,0.1,0.0,0.0,0.2,0.1,0.1,0.2,0.1,0.4,1.3,0.2,0.0,1.8,12.3,3.3,7.2,9.7,13.0,8.6,0.1,0.4,2.3,2.0,2.6,1.4,0.2,14.6,1.6,2.3,0.1,2.0,1.6,2.4,0.3,0.2,0.1,0.2,0.3,0.2,10.1,0.3,0.2,0.2,0.2,0.2,0.2,0.1,0.9,26.6,1.5,0.1,3.9,0.5,3.5,0.3,0.3,0.2,2.7,1.7,2.4,1.8,2.1,7.7,8.5,7.7,0.2,0.4,0.9,0.7,1.4,1.6,0.6,0.2,0.1,4.7,9.5,1.8,3.3,2.1,0.1,1.7,10.7,0.2,1.6,0.2,0.4,0.4,0.1,0.1,0.4,0.1,0.1,0.2,26.3,0.3,0.7,0.2,0.1,0.2,0.0,0.2,0.3,2.2,0.9,2.2,3.4,3.0,0.2,10.5,5.4,9.7,2.6,3.2,0.5,0.2,0.2,0.3,0.6,0.1,1.4,1.1,10.6
gpalpp1,0.6,0.7,0.5,0.8,0.8,0.6,0.8,0.2,0.7,0.7,0.8,0.7,0.6,0.6,0.7,0.7,0.7,0.6,0.6,0.1,1.1,1.0,1.2,0.8,0.9,0.4,1.0,0.9,0.7,0.9,1.0,0.3,0.6,0.6,0.4,0.7,0.9,1.1,0.4,0.7,1.8,0.6,0.9,0.4,1.2,0.8,0.5,0.4,0.8,0.9,1.0,0.7,0.6,0.7,0.2,0.7,0.4,1.0,0.9,0.7,0.8,0.7,0.8,0.7,0.3,0.2,0.6,1.0,0.4,0.4,0.5,0.5,0.4,0.8,0.8,0.6,0.5,0.7,1.1,0.7,0.8,0.7,0.4,0.4,0.1,0.7,0.4,0.4,0.4,0.4,0.6,0.6,0.7,0.4,0.3,0.8,0.3,0.5,0.4,0.6,0.6,0.4,0.5,0.7,0.7,0.7,0.6,0.6,0.3,1.2,0.4,0.3,0.1,0.9,0.1,0.5,0.3,0.4,0.7,0.7,0.6,0.6,0.3,0.6,0.5,0.4,0.5,0.7,0.4,0.6,0.3,0.4,0.4,0.2,0.6,0.7,0.4,0.5,0.5,0.6,0.4,0.4,0.7,0.4,0.4,0.5,0.4,0.2,0.4,0.7,0.3,0.8,0.4,0.3,0.4,0.4,1.1,0.3,0.6,0.7,0.7,0.3,0.0,0.4,0.5,0.8,0.6,0.6,0.6,0.3,0.1,0.3,0.4,0.5,0.4,0.0,0.7,0.5,0.5,0.5,0.6,0.5,0.7,0.6,0.2,0.5,0.6,0.6,0.3,0.6,0.6,0.5,0.5,0.6,0.3,1.0,0.8,0.5,0.5,0.8,0.3,0.4,0.7,0.7
gpatch11,0.4,0.4,0.5,0.3,0.4,0.5,0.4,0.6,0.3,0.4,0.4,0.4,0.5,0.4,0.4,0.2,0.6,0.3,0.5,0.7,0.8,0.5,0.6,0.7,0.5,0.7,0.4,0.5,0.5,0.4,0.5,0.2,0.4,0.5,0.4,0.3,0.6,0.4,0.1,0.4,0.3,0.6,0.5,1.1,0.5,0.4,0.5,0.3,0.5,0.7,0.3,0.3,0.6,0.7,0.7,0.4,0.6,0.8,0.6,1.0,0.6,0.4,0.5,0.5,0.7,0.4,0.5,1.1,0.6,0.8,0.5,0.8,0.7,0.6,0.5,0.8,0.4,0.7,0.5,0.5,0.3,0.5,0.6,0.5,1.0,0.5,0.3,0.3,0.5,0.4,0.5,0.5,0.4,0.3,0.6,0.3,0.6,0.8,0.6,0.4,0.5,0.4,0.4,0.5,0.0,0.4,0.6,0.6,0.2,1.3,0.3,0.5,0.6,0.6,0.1,0.5,0.4,0.4,0.5,0.6,0.4,0.6,0.5,0.2,0.3,0.5,0.3,1.0,0.5,0.3,0.3,0.7,0.4,0.7,0.3,0.5,0.5,0.8,0.5,0.7,0.6,0.3,0.5,0.9,1.0,0.6,0.8,0.6,0.0,0.6,0.4,0.5,0.9,0.4,0.4,0.5,0.4,0.4,0.7,0.6,0.5,0.5,0.3,0.5,0.7,0.2,0.5,0.4,0.5,0.2,0.6,0.6,0.4,0.3,0.3,0.1,0.7,0.6,0.3,0.5,0.6,0.8,0.6,0.8,0.9,0.3,0.6,0.8,1.0,0.6,0.7,0.6,0.7,0.5,0.9,0.3,0.4,0.5,0.3,0.0,0.7,0.6,0.5,0.5
gpatch4,2.1,2.1,2.1,2.1,2.2,2.0,1.8,2.5,1.6,1.6,1.5,1.9,1.6,2.0,1.5,1.3,1.9,1.3,1.3,0.8,0.7,1.9,1.1,0.5,1.1,0.9,1.0,1.2,0.9,0.9,1.2,0.2,1.0,1.6,1.6,1.8,1.0,1.3,0.2,0.2,0.5,1.6,1.9,0.5,0.6,1.8,0.3,1.3,2.0,1.2,1.2,1.3,0.9,1.0,1.4,2.3,0.3,1.6,1.6,0.9,1.5,0.9,1.3,1.4,1.3,1.3,1.8,0.6,0.9,0.3,1.7,0.3,0.8,0.2,0.6,0.9,0.6,1.2,1.3,1.3,0.6,1.4,1.7,1.3,1.2,1.7,1.1,0.8,1.6,0.3,2.1,1.9,1.4,2.2,1.3,0.7,0.4,0.7,0.6,0.2,1.1,1.2,1.4,1.5,1.0,1.4,2.4,0.7,0.6,0.6,0.4,1.1,0.1,1.5,1.8,1.7,1.5,2.1,1.4,1.4,1.2,1.1,1.8,1.7,1.4,1.5,2.2,1.6,1.5,0.9,0.7,0.9,1.1,0.2,2.4,1.7,2.3,1.9,1.7,1.5,1.5,1.6,1.3,1.3,1.0,0.9,0.8,0.5,0.3,1.2,0.4,1.4,0.3,1.2,2.2,2.4,0.1,0.5,1.6,1.7,1.8,1.1,0.1,0.4,1.9,1.1,2.2,1.8,2.5,1.7,1.7,1.7,1.3,1.8,2.0,0.8,0.9,2.4,1.6,1.4,1.5,1.0,1.7,1.1,0.4,1.3,1.6,1.0,0.2,1.8,0.9,1.0,0.8,0.0,0.6,1.8,1.4,1.5,2.1,0.5,0.6,1.1,1.2,0.9
gpbp1l1,1.0,0.7,0.8,0.8,0.7,0.6,0.5,0.3,0.7,0.7,0.7,0.5,0.7,0.6,0.8,0.6,0.5,0.6,0.3,0.0,0.5,0.7,0.8,0.7,0.8,0.8,0.6,0.8,0.6,0.5,0.6,0.7,0.2,0.4,0.3,0.4,0.7,0.7,0.1,0.2,0.8,0.5,0.7,0.5,0.7,0.6,0.4,0.5,0.6,0.6,0.4,0.7,0.5,0.4,0.4,0.5,0.6,0.7,0.7,0.7,0.8,0.6,0.7,0.7,0.5,0.4,0.6,0.4,0.4,0.2,0.5,0.3,0.7,0.2,0.3,0.4,0.4,0.7,1.2,0.9,0.5,0.8,0.5,0.4,0.2,0.7,0.5,0.2,0.7,0.2,0.7,0.7,0.9,0.5,0.7,0.5,0.3,0.3,0.3,0.1,0.3,0.5,1.1,0.7,0.5,0.5,0.8,0.2,0.1,0.2,0.1,0.1,0.8,0.4,0.5,0.7,0.5,0.7,0.9,0.8,0.8,0.4,0.6,0.4,0.5,0.7,0.5,0.3,0.5,0.4,0.1,0.4,0.3,0.6,0.6,0.6,0.8,0.8,0.7,0.5,0.8,0.8,0.8,0.6,0.4,0.3,0.3,0.7,0.3,0.6,0.3,0.5,0.6,0.0,0.6,0.9,0.5,0.3,0.8,0.8,0.8,0.3,0.4,0.3,0.3,0.5,0.8,0.4,0.7,0.3,0.9,0.6,0.1,0.5,0.8,0.1,0.5,1.1,0.4,0.6,0.7,1.0,0.9,0.8,0.6,0.4,0.8,0.5,0.2,0.6,0.3,0.3,0.4,0.7,0.1,0.7,0.9,0.4,0.5,0.1,0.1,0.6,0.5,0.2
gpc4,1.2,1.3,2.2,1.2,1.4,1.4,2.2,2.0,1.0,0.7,0.7,1.3,1.5,0.8,0.6,0.6,2.5,0.7,1.7,0.1,0.4,0.4,0.6,0.3,0.5,0.4,0.5,0.4,0.5,0.5,0.3,0.2,0.5,0.9,0.7,0.7,0.6,0.9,0.1,0.3,0.2,0.4,0.5,1.0,0.6,0.5,0.5,0.6,0.6,0.9,1.2,0.9,0.8,1.0,1.1,0.6,1.1,0.7,0.7,0.5,0.7,0.9,0.8,0.9,1.0,0.6,1.0,1.4,0.7,1.0,0.5,0.2,0.4,0.6,0.9,0.5,0.2,0.3,0.4,0.4,0.2,0.2,0.3,0.4,0.0,0.7,0.3,0.5,0.4,0.2,0.3,0.5,0.3,0.0,0.2,0.2,0.4,0.8,0.5,0.8,0.5,0.3,0.1,0.5,0.4,0.9,0.4,0.2,0.4,0.5,0.1,0.1,0.3,0.5,0.1,0.5,0.5,0.3,0.3,0.4,0.6,0.4,0.5,0.5,0.7,0.5,0.5,0.7,0.6,0.2,0.3,0.4,0.6,0.4,0.8,0.6,0.4,0.4,0.3,0.9,0.7,0.3,0.6,0.4,0.5,1.2,0.8,0.5,0.3,0.3,1.1,0.5,0.7,0.2,0.4,0.3,0.4,0.7,0.5,1.2,0.6,0.5,0.7,1.1,0.7,0.3,0.3,0.5,0.4,0.2,0.2,0.7,0.6,0.5,0.4,0.3,0.5,0.3,0.4,0.4,0.4,0.3,0.5,0.4,0.9,0.4,0.8,0.8,1.8,0.4,0.8,0.7,1.1,0.0,0.8,0.5,0.7,0.6,0.2,0.9,0.1,0.5,0.5,0.5
gpd1,0.6,0.6,0.3,0.5,0.6,0.4,0.7,0.0,0.7,0.7,1.1,0.5,2.0,0.5,1.0,1.3,3.2,5.1,1.2,1.5,0.2,0.4,1.0,0.7,0.3,0.9,0.1,0.3,2.0,3.0,2.8,0.5,0.2,1.4,0.9,1.9,1.0,1.8,5.9,2.4,0.2,3.6,0.8,13.4,1.0,0.5,0.6,2.7,0.7,1.3,2.0,2.0,3.1,1.7,1.6,0.4,1.0,0.6,1.1,0.5,0.5,0.9,0.5,0.3,1.8,0.2,1.5,0.7,0.2,5.5,3.7,0.8,11.8,2.1,1.0,0.3,13.2,0.6,0.1,0.9,1.2,0.4,0.8,0.6,1.2,1.7,0.6,0.1,0.3,0.2,0.2,1.3,0.5,5.4,0.2,1.9,1.1,2.9,2.3,1.5,1.3,2.4,3.6,1.3,0.2,0.8,3.0,0.3,0.4,0.0,1.7,0.5,1.1,3.0,2.3,0.5,3.0,5.3,0.7,0.6,0.2,1.5,0.5,1.0,0.7,1.3,1.5,1.4,0.2,0.2,0.5,0.3,0.2,2.4,0.2,2.2,0.2,0.2,0.6,1.4,0.4,0.5,0.4,2.8,1.5,3.6,2.3,0.2,1.9,0.2,0.5,4.9,1.6,0.5,0.3,5.8,1.2,14.1,0.3,0.2,1.6,0.1,1.6,13.9,0.4,1.6,0.3,0.2,1.2,0.0,1.1,0.2,0.9,0.6,1.5,0.2,0.2,2.6,5.8,2.8,0.5,0.1,0.6,0.2,7.8,5.1,0.7,1.2,0.1,0.3,2.0,1.5,2.6,2.8,1.9,0.4,0.2,0.5,5.1,0.0,0.4,0.4,0.1,1.5
gpd1l,1.5,1.2,2.2,1.3,1.2,2.0,4.0,4.3,1.5,1.3,1.6,1.9,3.0,1.2,1.6,1.3,3.2,5.7,1.8,1.1,1.5,1.1,2.0,1.4,1.9,2.4,1.3,1.4,2.9,4.7,3.1,1.2,0.8,2.8,2.4,2.8,3.3,1.7,4.6,3.5,4.3,2.7,1.7,8.7,2.2,1.4,1.1,3.6,1.5,2.3,1.3,2.2,3.6,2.4,2.6,1.2,1.0,1.5,1.9,1.3,1.8,1.7,1.0,1.6,2.0,2.8,2.7,1.0,0.8,3.1,2.7,1.0,5.5,2.1,1.6,1.6,4.4,2.2,1.6,2.2,1.2,2.0,1.7,1.6,0.6,2.0,2.6,0.5,0.9,0.4,2.1,1.6,1.9,1.6,1.3,2.1,1.6,5.0,2.9,0.8,1.5,1.7,1.6,2.3,2.5,1.2,1.4,1.5,0.9,1.6,3.5,1.3,0.4,2.2,2.0,1.6,1.5,1.7,2.1,1.9,1.8,1.8,0.8,1.7,1.5,1.6,2.5,1.7,2.5,1.6,0.8,1.3,0.6,3.2,1.9,0.7,1.8,1.7,1.9,1.1,2.6,0.9,1.8,1.5,1.8,4.0,2.6,0.9,3.0,2.1,0.4,4.0,3.7,1.5,1.1,1.1,1.1,3.9,1.9,0.6,1.0,0.6,0.2,3.5,2.0,2.5,1.9,2.2,1.7,2.0,1.1,2.3,1.7,1.9,3.2,0.8,1.5,1.8,1.7,2.1,2.0,2.2,2.0,1.8,4.1,3.3,2.3,1.8,1.3,1.0,2.3,1.2,3.0,6.1,3.2,1.6,1.6,1.4,2.0,0.7,1.8,1.3,2.1,1.5
gpm6b-like,0.7,0.3,0.3,0.3,0.4,0.3,0.4,0.3,0.3,0.2,0.2,0.1,0.2,0.2,0.2,0.1,0.6,0.0,0.2,0.6,1.5,0.5,0.5,1.3,1.0,0.7,1.5,0.8,0.2,0.1,0.1,0.1,0.1,0.0,0.0,0.2,0.5,0.1,0.0,0.2,0.4,0.1,0.2,0.0,0.0,0.1,0.1,0.1,0.2,0.3,0.1,0.0,0.1,0.1,0.0,0.1,0.2,0.3,0.8,0.5,1.1,1.4,0.8,0.8,0.1,0.1,0.1,0.1,0.1,0.1,0.1,0.1,0.1,0.1,0.0,1.4,0.6,2.8,2.4,2.5,2.3,2.1,0.2,0.2,0.2,0.1,0.3,0.1,0.1,0.2,0.5,0.6,3.5,0.0,0.6,0.1,0.1,0.2,0.2,0.0,0.3,0.1,0.0,0.6,0.2,0.1,0.1,2.8,2.9,2.4,0.3,0.0,0.2,0.1,0.6,3.5,0.2,0.0,2.3,2.6,3.7,0.1,0.4,0.2,0.2,0.2,0.4,0.0,0.2,0.6,2.9,2.8,0.1,0.3,0.6,1.1,0.4,0.6,0.6,0.3,0.7,0.0,0.4,0.1,0.1,0.1,0.2,0.2,1.6,0.1,0.3,0.2,0.3,0.0,0.2,0.2,0.0,0.6,0.4,0.1,0.2,0.1,0.1,0.6,0.3,1.0,0.4,0.5,0.5,0.1,0.3,0.2,0.1,0.3,0.1,3.8,2.5,0.1,0.0,0.2,2.5,3.4,3.2,4.4,0.0,0.4,0.3,0.2,0.0,0.2,0.3,0.1,0.0,0.0,0.0,0.6,2.4,0.2,0.0,0.3,0.1,0.1,0.3,0.0
gpr101,0.1,0.5,0.6,0.5,0.5,0.5,0.5,0.4,0.4,0.3,0.4,0.4,0.4,0.3,0.3,0.3,0.1,0.1,0.2,0.3,0.3,0.6,0.5,0.4,0.5,0.2,0.7,0.5,0.3,0.5,0.6,0.2,0.8,0.5,0.8,0.4,0.4,0.5,0.1,0.3,0.3,0.6,0.5,0.1,0.6,0.6,0.2,0.4,0.9,0.8,1.1,1.4,0.6,0.7,1.2,1.0,0.6,1.0,0.7,0.6,0.6,0.9,0.6,0.7,1.1,1.1,1.0,0.5,1.1,0.3,1.4,0.5,0.2,0.4,0.7,0.5,0.3,0.4,0.4,0.3,0.2,0.6,0.6,0.5,0.2,0.5,0.6,0.5,0.6,0.1,0.7,0.5,0.6,1.0,0.3,0.5,0.3,0.3,0.3,0.1,0.6,0.7,0.5,0.6,0.3,0.5,0.5,0.5,0.7,0.2,0.3,0.4,0.2,0.3,0.6,0.7,0.8,0.7,0.5,0.5,0.6,0.7,0.6,0.7,0.7,0.7,0.7,0.4,0.6,0.3,0.3,0.4,0.7,0.3,0.5,0.3,0.6,0.9,0.5,0.7,0.5,0.6,0.5,0.5,0.6,0.5,0.2,0.5,0.3,1.0,0.2,0.4,0.3,0.2,0.6,1.1,0.1,0.1,0.6,0.6,0.6,0.8,0.5,0.0,0.4,0.5,0.6,0.6,0.6,0.9,0.3,0.7,0.5,0.7,0.9,0.3,0.4,0.5,0.8,0.6,0.5,0.6,0.6,0.4,0.1,0.6,0.8,0.6,0.5,0.7,0.4,0.5,0.4,0.0,0.1,0.3,0.6,0.8,1.0,0.2,0.5,0.5,0.7,0.5
gpr125,1.3,1.4,0.9,1.3,1.2,1.1,0.9,0.3,0.9,0.9,1.0,1.0,1.3,0.8,0.7,0.7,1.6,1.2,0.2,0.0,0.4,1.6,0.7,0.4,0.5,0.5,0.5,0.5,0.4,0.4,0.3,0.1,1.4,1.0,0.7,0.4,0.7,0.5,0.0,0.1,1.4,0.5,0.4,0.3,0.5,1.6,0.6,1.1,0.3,0.4,0.3,0.4,0.3,0.2,0.3,1.3,0.1,0.9,0.5,0.2,0.5,1.5,0.6,0.6,1.0,0.5,0.8,0.4,0.9,0.2,0.3,0.1,0.3,0.1,0.1,0.3,0.1,0.6,0.9,0.4,0.3,0.6,0.8,0.8,0.8,0.5,1.3,1.2,1.6,0.1,0.4,0.7,0.6,0.4,2.1,0.1,0.1,0.3,0.3,0.3,0.4,0.6,0.6,0.5,0.7,0.5,0.3,0.4,0.0,0.7,0.0,0.2,0.0,0.7,1.4,0.4,0.7,0.2,0.4,0.6,0.6,0.2,1.3,0.6,0.5,0.8,0.9,0.9,0.6,0.4,0.4,0.5,1.2,0.1,0.5,0.8,0.4,0.5,0.4,0.5,0.3,0.4,0.4,0.1,0.2,0.2,0.3,0.5,0.9,0.6,0.0,0.3,1.1,0.0,1.7,0.4,0.1,0.3,0.5,0.3,0.2,0.9,0.3,0.4,0.5,0.3,0.4,0.3,0.3,0.6,0.8,0.7,0.3,0.6,0.5,0.4,0.4,0.2,0.3,0.6,0.6,0.7,0.6,0.5,0.6,0.5,0.5,0.5,0.4,1.5,0.2,0.3,0.2,0.1,0.0,1.1,0.5,0.6,0.1,0.6,0.0,0.4,0.2,0.1
gps1,1.6,1.6,1.4,1.6,1.3,1.1,1.1,0.4,1.3,1.1,1.1,0.9,0.8,0.9,1.1,0.9,0.3,0.7,0.5,1.1,0.9,0.7,1.7,0.9,1.0,1.1,0.4,1.0,0.9,0.6,1.1,0.9,0.5,0.7,0.5,0.8,0.8,0.8,0.7,1.1,0.6,0.5,0.8,0.3,0.8,0.4,0.7,0.6,0.9,0.9,0.8,0.5,0.6,0.6,0.5,0.7,0.4,0.5,0.7,0.4,1.0,0.5,0.3,0.6,0.7,0.5,0.6,0.0,0.5,0.3,0.5,0.9,0.2,0.4,0.9,0.7,0.8,1.2,1.3,1.5,1.2,1.1,0.9,0.8,0.9,1.0,0.8,0.5,0.8,1.0,1.1,1.3,1.3,1.2,1.0,1.0,1.3,0.9,0.9,1.1,1.0,0.7,0.7,1.1,0.6,1.2,1.5,1.5,1.5,1.0,0.6,0.8,0.8,0.8,1.6,1.2,0.5,1.0,1.5,1.3,1.0,1.0,1.0,0.8,0.7,0.6,0.6,0.5,0.7,0.7,0.5,1.1,0.8,1.5,1.6,1.0,1.1,1.5,1.0,0.8,1.0,0.9,0.8,0.8,0.7,0.6,0.9,0.7,2.7,1.5,0.4,0.7,0.0,0.8,0.9,0.7,1.0,0.7,1.1,1.3,1.1,0.9,0.7,0.6,1.5,1.0,1.2,1.3,1.3,0.8,0.8,1.0,0.6,0.7,0.8,2.1,1.3,0.9,0.7,0.7,1.4,1.3,1.4,0.9,0.2,0.8,1.0,1.1,0.7,0.9,1.0,0.7,0.4,0.3,0.4,0.9,1.1,1.3,0.6,0.7,1.0,1.5,1.0,0.9
gpx3,1.2,0.9,1.0,0.8,0.9,1.0,1.4,0.8,0.8,0.9,0.9,1.1,1.4,0.9,0.6,1.2,3.8,1.8,1.2,0.1,0.7,0.5,0.4,4.2,0.6,0.9,0.5,0.5,0.4,0.5,0.5,0.6,2.0,1.3,1.9,3.5,0.5,0.5,0.3,0.5,1.2,1.5,0.4,1.1,0.4,0.5,3.9,10.9,0.5,0.3,0.4,0.4,0.4,0.5,4.6,0.4,0.6,0.4,0.7,1.1,0.6,0.6,0.7,0.4,7.1,3.7,1.7,4.8,1.6,0.4,0.9,1.4,1.3,0.8,0.6,0.3,0.2,0.2,0.1,0.2,4.6,0.3,0.8,4.1,9.6,0.3,8.1,1.0,0.2,16.0,0.2,0.4,0.2,1.5,0.2,0.2,0.1,0.2,0.1,0.6,0.3,0.8,1.7,0.2,0.1,0.2,0.1,0.2,0.1,0.1,0.2,2.3,0.2,1.1,0.0,0.2,0.4,0.3,0.1,0.3,0.3,0.2,0.4,1.5,0.8,1.0,0.3,10.8,6.0,0.1,0.0,0.2,0.5,0.1,0.1,0.2,0.2,0.2,0.2,0.1,0.0,0.2,0.1,0.1,0.3,0.2,0.3,2.9,9.6,0.2,0.5,1.1,0.1,2.9,0.2,0.7,0.5,0.4,0.1,0.1,0.2,0.3,0.0,0.3,0.0,0.9,0.1,0.2,0.1,1.2,11.2,4.2,2.9,1.0,0.6,0.0,0.2,0.2,0.6,0.2,0.2,0.3,0.2,0.2,0.4,0.8,0.1,0.1,0.0,0.1,0.2,0.2,0.0,0.0,0.2,0.3,0.2,0.3,1.1,3.3,3.6,0.1,0.1,0.2
gpx7,2.9,3.4,3.6,3.1,3.1,3.1,3.3,4.7,2.2,1.8,2.3,2.3,2.0,2.1,2.2,2.4,3.2,2.1,4.1,2.0,2.2,1.8,1.7,3.5,2.0,2.5,1.9,2.2,1.8,2.1,1.7,2.6,3.8,2.1,3.3,1.8,2.4,2.1,1.9,2.2,1.8,1.3,1.9,4.9,1.7,1.7,6.8,4.6,4.6,8.2,7.1,7.8,7.8,8.5,5.2,3.7,15.5,5.7,7.0,7.4,6.6,10.6,7.1,6.5,5.9,7.6,4.2,16.4,6.6,11.4,4.0,7.0,8.9,10.6,10.5,5.6,2.3,1.3,1.7,1.4,1.9,1.5,1.2,3.7,2.9,1.0,2.9,1.9,0.8,7.0,1.2,1.1,1.3,0.6,1.0,1.6,4.1,2.0,2.6,6.3,2.4,0.9,0.5,1.6,1.7,1.5,1.3,1.6,2.5,1.5,3.7,1.8,2.9,1.1,1.9,1.7,1.4,0.8,2.3,1.8,2.1,2.8,1.7,1.1,2.1,1.6,1.5,3.2,2.8,1.8,4.7,2.1,1.8,3.0,1.3,1.7,1.2,1.9,1.5,1.8,2.4,1.3,3.0,1.9,3.0,3.2,2.2,6.6,1.8,2.8,4.8,2.1,3.2,2.5,1.3,0.9,6.4,4.9,2.9,3.2,2.9,2.1,9.2,7.1,1.9,1.9,1.6,1.2,1.9,1.1,2.3,3.3,4.5,1.6,2.3,2.5,2.3,1.6,1.1,1.1,2.0,1.2,1.8,2.0,1.7,2.2,4.9,3.5,10.6,1.7,3.3,6.1,5.0,3.4,11.9,3.2,2.6,1.6,0.8,7.9,1.5,3.1,3.2,4.5
grb2,0.7,0.7,0.5,0.9,0.7,0.6,0.4,1.3,0.8,0.7,0.8,0.6,0.6,0.7,0.7,0.6,0.4,1.0,0.4,0.4,1.6,0.5,0.9,1.1,1.1,0.9,0.7,0.6,0.7,0.9,0.6,0.3,0.3,0.3,0.4,0.8,0.8,0.8,0.6,0.9,1.0,0.4,0.8,0.5,0.6,0.5,0.6,0.5,0.7,0.7,0.6,1.0,0.8,0.6,0.8,0.5,0.5,0.7,0.4,1.1,0.8,1.0,0.9,1.0,0.5,0.8,0.5,0.5,0.4,0.4,0.5,0.6,1.1,1.6,0.8,1.8,0.4,1.2,1.1,1.1,1.2,0.8,0.4,0.3,1.0,0.3,0.2,0.3,0.4,0.4,0.9,0.7,0.7,0.3,0.4,0.7,1.2,1.0,0.6,0.6,0.6,0.4,0.4,0.8,0.7,0.4,0.6,2.6,3.6,1.6,1.0,2.9,0.3,0.0,0.3,0.6,0.2,0.7,0.7,0.9,1.2,0.8,0.3,0.5,0.3,0.6,0.1,0.7,0.6,1.8,2.2,2.1,0.3,0.8,0.6,0.4,0.7,0.7,0.7,0.9,0.8,0.7,0.7,0.7,0.6,0.7,0.7,1.0,0.4,1.1,0.2,0.6,0.7,3.3,0.5,0.2,0.8,0.5,0.9,0.8,0.5,0.4,0.0,0.5,1.0,0.6,0.9,1.1,0.4,0.0,1.0,0.5,0.6,0.4,0.3,4.7,2.1,0.9,0.4,0.4,1.1,1.0,0.8,0.8,1.5,0.6,0.6,0.8,0.1,0.5,0.8,0.6,0.6,0.4,1.1,0.6,0.8,0.5,0.5,0.2,1.9,1.2,1.3,0.9
greb1,0.1,0.1,0.2,0.1,0.2,0.1,0.1,0.2,0.1,0.1,0.0,0.3,0.1,1.2,0.1,0.0,0.1,0.2,0.4,0.0,0.3,1.3,0.1,0.4,0.2,0.0,2.4,0.1,0.8,0.4,0.2,0.1,0.3,0.5,0.4,0.3,0.4,0.1,0.3,0.0,0.4,0.7,0.1,0.0,0.2,2.2,0.3,0.3,0.2,0.2,0.0,0.0,0.2,0.2,0.3,1.2,0.4,1.2,0.0,1.8,0.2,0.0,1.9,0.1,0.4,0.1,0.4,0.1,0.2,0.1,0.6,0.0,0.2,0.0,0.2,0.0,0.2,1.9,3.2,0.2,0.8,0.7,0.6,0.6,0.1,0.4,0.2,0.9,2.4,0.3,0.6,1.1,0.2,0.2,4.3,0.3,0.1,1.0,0.1,0.1,0.3,1.6,2.1,0.4,0.5,0.1,0.4,1.4,0.1,1.3,0.1,0.0,0.1,0.5,0.0,0.2,2.4,2.2,1.4,1.7,0.5,0.3,2.9,1.2,0.8,0.4,0.4,0.0,0.5,0.7,0.0,0.8,0.7,0.1,0.3,2.3,0.5,1.1,0.5,0.1,0.3,0.0,0.3,0.5,0.2,0.6,0.1,0.1,0.0,0.1,0.1,0.6,1.0,0.2,2.6,0.5,0.0,0.2,0.4,0.2,0.2,0.4,0.1,0.2,0.3,2.2,0.6,0.8,0.7,0.9,1.8,0.3,0.1,0.6,0.7,0.2,1.7,0.4,1.5,2.2,1.8,0.8,0.1,0.4,0.3,0.6,0.4,0.2,0.0,2.2,0.2,0.2,0.4,0.0,0.3,2.7,1.0,1.8,0.1,0.4,0.0,0.7,0.7,0.2
grhl1,0.7,0.7,0.2,0.5,0.2,0.2,0.1,0.1,0.2,0.4,1.6,0.2,0.1,0.2,5.2,1.9,0.1,0.3,0.0,3.9,0.1,0.2,0.2,0.1,0.1,0.0,0.2,0.1,0.8,1.6,15.5,7.7,0.3,0.1,0.3,0.2,0.7,1.0,6.1,10.1,0.5,0.1,0.1,0.0,6.4,0.1,0.1,0.0,0.1,0.3,0.5,5.8,0.6,0.5,0.0,0.2,2.3,0.2,0.1,0.4,0.0,0.1,0.1,0.2,0.0,0.0,0.1,0.3,0.2,3.3,0.2,2.8,0.1,5.4,2.0,0.2,3.5,0.1,0.0,0.3,0.1,0.1,0.1,0.1,0.0,0.1,0.0,0.1,0.0,0.1,0.1,0.1,0.1,0.1,0.1,21.6,3.6,0.5,0.2,0.1,0.3,0.1,0.0,0.2,0.2,0.1,0.2,0.1,0.1,0.4,7.1,0.1,3.3,0.1,0.1,0.1,0.1,0.0,0.1,0.1,0.3,13.1,0.0,0.1,0.1,0.1,0.0,0.1,0.1,0.1,0.3,0.2,0.1,8.4,0.0,0.1,0.1,0.1,0.1,0.4,0.1,0.3,0.0,0.1,0.1,0.5,0.1,0.1,0.0,0.3,3.1,0.1,0.2,0.0,0.1,0.6,4.3,4.7,0.2,0.3,0.3,0.1,3.0,2.8,0.1,0.1,0.1,0.2,0.1,0.1,0.1,0.2,0.3,0.1,0.1,0.0,0.2,0.1,0.1,0.1,0.1,0.1,0.1,0.1,0.0,0.2,0.2,0.3,2.3,0.1,0.1,0.1,0.2,4.6,6.9,0.1,0.1,0.1,0.1,0.2,0.1,0.0,0.1,8.0
grhl3,0.1,0.1,0.1,0.0,0.0,0.0,0.0,0.0,0.1,0.3,2.1,0.1,0.2,0.1,9.8,3.7,0.0,0.4,0.7,0.9,0.0,0.1,1.2,0.2,0.1,0.2,0.2,0.0,0.2,0.4,0.4,9.4,0.0,0.0,0.0,0.0,0.1,1.9,9.7,14.1,3.5,0.1,0.1,0.0,0.2,0.0,0.2,0.0,0.1,0.1,0.8,0.1,0.1,0.1,0.0,0.0,2.0,0.0,0.6,0.1,0.0,0.0,0.1,0.1,0.0,0.0,0.1,0.0,0.1,6.6,0.0,1.3,0.0,7.6,0.6,0.1,9.5,0.0,0.0,0.0,0.1,0.0,0.0,0.0,0.0,0.0,0.0,0.0,0.1,0.0,0.0,0.0,0.0,0.0,0.0,0.2,0.3,0.1,0.1,2.1,0.0,0.0,0.0,0.4,0.0,1.2,0.0,0.0,0.0,0.0,9.0,0.1,4.6,0.1,0.0,0.1,0.0,0.0,0.0,0.1,0.0,0.0,0.0,0.0,0.0,0.1,0.0,0.0,0.1,0.0,0.0,0.0,0.0,6.3,0.0,0.0,0.0,0.0,0.0,0.1,0.0,1.5,0.8,0.0,0.1,0.2,0.0,0.0,0.0,0.1,2.6,0.0,0.0,0.0,0.1,0.0,0.3,6.8,0.1,1.8,0.1,0.0,1.9,7.2,0.0,0.1,0.0,0.0,0.0,0.0,0.0,0.1,0.0,0.0,0.0,0.0,0.0,0.0,0.1,0.0,0.1,0.0,0.1,0.0,0.1,0.1,0.0,0.3,0.2,0.0,0.2,0.1,0.1,7.8,5.3,0.0,0.0,0.0,0.2,0.2,0.0,0.2,0.1,0.0
grk5,1.8,1.8,3.1,1.8,2.3,2.4,2.8,2.6,1.9,2.1,1.5,3.1,2.5,2.7,1.5,2.0,3.6,1.5,2.7,0.6,0.9,1.3,1.0,0.5,1.5,0.9,1.3,1.3,0.7,0.8,0.6,0.2,2.6,1.1,1.1,0.7,1.1,1.3,0.3,0.3,1.0,0.7,1.3,0.9,0.7,1.6,0.6,1.1,1.1,1.1,1.0,0.4,0.6,0.5,0.7,1.4,0.8,0.8,0.5,1.0,1.1,0.4,0.9,1.3,1.0,0.9,1.1,0.1,2.2,0.4,0.8,1.1,0.4,0.6,0.7,0.6,1.2,1.0,0.6,1.0,0.9,1.1,0.8,0.5,0.8,0.7,0.6,1.3,0.6,0.2,0.9,1.0,1.0,0.5,1.1,0.5,0.5,0.4,0.4,1.0,0.4,0.7,0.5,1.1,0.9,0.8,1.6,0.5,0.4,0.3,0.3,0.5,0.2,0.6,0.0,1.0,0.5,0.4,1.0,1.0,0.5,0.4,0.5,1.1,0.6,0.6,0.9,0.8,0.8,0.4,0.5,0.7,1.7,0.4,0.6,0.8,1.1,1.0,0.7,0.9,0.6,0.3,1.4,0.6,0.3,0.4,0.4,0.1,0.7,0.8,0.1,0.4,0.4,0.6,1.0,0.3,0.2,0.7,1.0,0.6,0.9,1.7,0.1,0.7,0.7,1.0,0.8,1.2,0.8,0.4,1.5,1.0,0.8,0.7,1.3,0.5,0.7,0.7,0.5,0.6,0.8,0.6,0.9,0.8,1.2,0.5,0.6,0.5,0.1,0.9,0.5,0.2,0.2,0.1,0.2,0.5,1.0,0.7,0.3,0.2,0.5,0.9,0.9,0.1
grk6-like,0.7,0.4,0.2,0.4,0.4,0.4,0.5,0.3,0.2,0.1,0.1,0.2,0.2,0.1,0.2,0.1,0.2,0.1,0.2,0.2,0.3,0.3,0.2,0.4,0.2,0.1,0.2,0.2,0.3,0.4,0.9,1.7,0.2,0.2,0.2,0.7,0.3,0.3,2.3,1.0,0.2,0.3,0.2,0.0,0.3,0.3,0.6,0.4,0.2,0.4,0.4,0.2,0.3,0.4,1.1,0.2,0.8,0.2,0.3,0.2,0.3,0.6,0.1,0.3,0.3,0.2,0.3,1.0,0.4,1.5,0.2,0.4,0.1,0.8,0.9,0.5,2.8,0.3,0.3,0.4,1.2,0.2,0.2,0.5,0.7,0.3,0.6,0.3,0.2,0.3,0.3,0.2,0.3,0.1,0.1,1.5,2.9,1.1,0.6,0.4,0.1,0.1,0.1,0.4,0.6,0.8,0.6,0.4,0.4,0.5,2.5,3.6,2.2,0.1,0.7,0.2,0.2,0.4,0.1,0.2,0.1,0.7,0.2,0.3,0.4,0.2,0.2,0.0,0.5,0.4,1.1,0.5,0.2,1.1,0.1,0.3,0.2,0.3,0.2,0.4,0.3,1.0,0.1,0.4,0.3,0.9,0.8,0.4,3.2,0.2,1.2,0.3,0.2,4.3,0.2,0.4,3.7,1.9,0.7,0.5,0.6,0.2,0.9,1.9,0.3,0.1,0.3,0.3,0.1,0.3,0.8,0.4,0.3,0.3,0.3,1.5,0.5,0.6,0.3,0.2,0.3,0.1,0.3,0.1,0.3,0.2,0.3,0.7,1.4,0.2,0.4,0.3,0.6,2.5,0.4,0.2,0.2,0.4,0.2,0.8,4.2,0.6,0.3,0.5
grsf1,0.8,0.7,0.6,0.7,0.7,0.5,0.4,0.6,1.0,1.3,1.1,0.8,0.9,1.1,0.9,0.9,0.6,0.9,1.0,2.3,1.3,1.2,1.4,1.4,1.5,1.3,2.1,1.4,1.6,1.4,1.6,0.7,1.2,1.4,1.4,1.5,1.4,1.5,0.6,1.2,2.0,1.3,1.4,1.0,1.2,1.6,1.1,0.8,1.1,1.1,0.9,0.8,0.9,0.9,0.6,1.4,0.6,0.9,1.2,0.9,1.2,1.2,1.1,1.2,0.8,0.6,1.2,0.5,1.1,0.3,1.0,0.2,1.4,0.6,1.4,1.1,1.3,1.7,1.4,1.3,0.9,1.5,1.1,1.1,1.4,1.1,0.7,1.1,1.8,0.5,1.6,1.5,1.6,1.2,1.6,1.3,0.9,0.9,0.9,0.1,0.9,1.2,2.0,1.1,1.7,1.5,1.6,1.1,1.2,0.8,0.9,1.5,1.1,1.1,2.3,1.5,0.9,1.4,1.3,1.2,1.4,1.2,1.3,1.1,1.3,1.1,1.4,1.3,1.5,1.2,1.7,1.3,1.3,0.8,1.5,1.2,1.5,1.5,1.3,1.3,1.2,1.0,1.4,1.7,0.8,0.9,0.9,1.2,0.8,1.5,0.5,1.5,0.4,1.1,1.6,1.6,0.6,0.6,1.3,1.6,1.2,1.3,0.3,0.9,1.3,1.7,1.4,1.6,1.5,1.0,1.4,0.8,0.8,1.2,1.2,1.6,1.4,0.8,2.1,1.1,1.3,1.4,1.8,1.1,1.3,1.4,1.1,1.2,0.4,1.4,1.0,0.7,0.8,1.2,0.2,1.2,1.6,1.3,1.9,0.5,0.9,2.1,1.9,1.1
grwd1,0.8,1.3,1.3,1.2,1.2,1.3,1.0,0.6,1.3,1.2,1.4,1.8,1.4,1.2,1.5,1.4,1.3,1.6,1.1,0.8,0.7,2.1,1.6,0.4,1.8,1.1,1.3,2.0,1.7,1.4,1.8,0.9,1.5,2.2,2.1,2.0,1.6,2.5,0.6,0.4,0.8,2.2,3.0,1.1,1.1,2.8,0.7,1.1,2.5,1.8,1.6,1.6,1.0,1.2,1.5,2.3,0.6,1.7,1.5,1.0,1.0,1.1,0.7,1.9,2.1,1.3,1.9,0.5,1.2,0.3,2.0,0.4,1.1,0.3,0.9,0.6,0.5,1.7,1.1,1.1,0.4,2.0,2.0,1.4,0.7,1.9,1.5,1.1,2.5,0.1,3.9,2.8,2.4,2.0,2.2,1.3,0.4,1.2,1.0,1.4,0.8,2.0,2.5,1.8,1.5,1.3,3.4,0.5,1.0,0.6,0.3,0.3,0.2,1.6,0.2,2.0,1.8,2.7,1.7,1.6,1.0,1.5,1.8,1.3,1.9,2.3,2.7,1.5,1.9,1.4,1.2,0.9,1.5,0.3,3.8,2.8,3.7,3.2,3.7,2.4,1.8,0.9,1.7,3.4,1.3,1.3,1.0,1.0,0.9,1.0,0.2,2.1,0.6,0.4,2.5,1.9,0.7,0.3,1.9,1.4,2.8,2.1,1.0,0.5,3.9,2.4,4.4,4.1,3.8,1.6,2.4,1.9,1.9,2.5,2.6,1.9,0.9,3.8,2.5,2.0,2.0,1.5,2.8,1.8,0.1,2.4,2.1,1.7,0.1,2.7,1.1,1.2,1.3,1.2,0.2,2.0,2.2,2.5,2.3,0.8,0.5,1.4,1.5,1.4
gse1-like,1.8,1.5,0.6,1.5,1.2,0.6,0.5,1.6,2.0,2.2,1.8,1.1,1.0,1.1,1.1,1.6,1.2,0.5,1.0,0.7,2.0,0.6,1.1,1.4,1.3,1.7,1.5,1.3,1.0,1.0,1.7,0.1,1.2,0.8,0.1,1.0,2.0,1.1,0.1,0.3,4.3,1.2,2.3,0.4,0.9,0.8,0.4,0.6,1.7,1.1,0.8,0.6,0.7,0.9,0.6,0.6,0.2,0.4,1.4,0.6,1.1,0.6,1.3,1.1,0.4,0.4,0.6,0.1,0.7,0.2,0.9,0.1,0.5,0.2,0.5,1.4,0.6,1.4,1.3,1.6,0.7,1.7,0.6,0.6,1.2,0.9,0.6,0.7,1.0,0.6,0.8,1.7,1.8,2.3,0.9,2.9,0.6,1.1,0.7,0.1,0.6,1.0,0.8,1.1,1.5,0.6,0.8,3.2,1.1,1.4,0.4,0.4,0.0,0.9,0.2,1.7,0.8,1.2,1.4,1.3,1.6,1.4,0.8,0.5,0.6,0.6,0.4,0.0,0.7,1.3,1.2,2.0,0.8,0.1,0.8,2.1,0.7,0.8,1.7,0.6,0.9,0.2,0.6,0.3,0.4,0.6,0.8,0.4,1.8,0.5,0.2,0.3,0.3,0.2,0.9,1.5,0.1,0.6,1.2,0.3,0.4,0.9,0.1,0.5,0.4,1.4,0.6,0.8,1.4,0.8,0.3,0.5,0.9,0.6,0.4,1.1,2.7,0.2,1.1,0.9,1.2,1.0,1.5,2.2,1.2,0.3,1.0,0.6,0.2,0.9,0.4,0.5,0.4,0.3,0.8,1.0,1.6,0.8,1.3,0.4,0.3,0.8,0.4,1.3
gsk3a,0.9,1.2,1.1,1.2,1.1,1.0,0.9,0.0,1.0,1.0,0.9,1.1,0.7,1.2,1.2,0.9,0.6,0.6,1.2,0.2,0.7,0.8,0.6,0.3,0.7,0.8,0.4,0.7,0.6,0.6,0.5,0.5,0.7,0.3,0.7,0.5,0.6,0.7,0.5,0.4,0.3,0.6,0.5,0.6,0.6,0.8,1.0,0.5,0.5,0.5,0.7,0.5,0.4,0.6,0.4,0.9,0.2,0.9,0.7,1.0,0.8,0.9,0.7,0.7,0.9,0.5,0.7,0.4,0.5,0.6,0.6,0.3,0.4,0.3,0.6,0.6,0.7,0.5,0.6,0.7,0.5,0.4,0.2,0.4,1.4,0.3,0.4,0.4,0.6,0.5,0.3,0.4,0.5,0.3,0.7,0.5,0.4,0.3,0.2,0.2,0.4,0.4,0.4,0.4,0.6,0.6,0.4,0.7,0.8,0.6,0.1,0.4,0.4,0.2,0.1,0.4,0.4,0.5,0.5,0.6,0.6,0.4,0.6,0.1,0.4,0.5,0.3,1.6,0.5,0.8,1.0,0.7,0.5,0.4,0.6,0.2,0.4,0.6,0.5,0.4,0.3,0.6,0.7,0.3,0.4,0.3,0.4,0.6,0.5,0.4,0.2,0.4,0.6,0.4,0.8,0.4,0.9,0.5,0.3,0.2,0.4,0.4,0.6,0.5,0.2,0.4,0.5,0.2,0.3,0.2,0.2,0.2,0.5,0.3,0.5,0.6,0.5,0.3,0.4,0.3,0.4,0.3,0.5,0.3,0.4,0.3,0.4,0.4,0.4,0.6,0.5,0.3,0.3,0.5,0.4,0.6,0.4,0.3,0.3,0.6,0.4,0.8,0.6,0.6
gspt1,2.6,3.5,3.4,3.5,3.5,3.0,2.1,1.8,5.2,5.4,5.2,4.0,3.6,4.9,4.9,5.3,3.1,3.4,5.8,7.6,4.4,4.8,5.1,3.2,5.4,5.3,4.8,5.1,5.0,5.7,5.7,1.8,2.6,4.1,4.3,3.8,5.3,5.7,2.6,4.4,4.6,4.3,5.5,5.7,5.6,4.8,4.0,3.8,4.8,3.7,3.8,3.8,3.8,3.1,3.1,3.8,1.5,2.8,3.5,2.2,3.5,4.2,2.3,4.0,3.7,3.3,3.2,4.2,2.4,2.2,3.1,2.7,4.0,2.8,4.3,3.1,2.1,3.5,2.6,3.0,1.9,3.3,2.3,2.6,4.4,2.5,2.0,1.3,3.0,1.4,4.2,3.6,3.6,1.9,4.0,2.9,2.2,2.4,2.4,1.6,2.1,2.6,2.7,3.6,3.0,3.2,3.9,3.2,2.9,2.8,1.5,2.5,0.3,2.6,0.5,3.6,2.4,2.6,3.1,3.0,2.9,3.1,3.6,3.2,2.8,3.1,3.1,2.2,2.6,2.7,2.8,2.5,1.8,2.5,3.6,2.5,4.6,5.6,4.2,3.1,2.3,2.7,2.7,3.9,2.1,2.2,2.4,2.6,1.2,2.9,1.0,3.2,1.3,3.2,2.9,2.6,2.7,1.2,2.9,2.4,3.2,1.7,0.1,1.9,4.2,2.5,4.6,5.3,3.6,3.0,2.8,2.7,3.3,2.9,1.8,2.9,3.3,3.1,2.7,2.8,3.3,2.8,3.8,2.9,2.4,3.2,2.8,2.5,3.3,2.7,2.5,1.9,1.8,1.6,1.1,3.1,3.4,3.1,3.6,2.2,3.4,3.3,2.9,2.5
gstt1-like.1,3.7,4.8,6.9,5.1,5.3,5.5,6.8,9.4,3.4,4.0,3.7,4.3,4.2,3.7,3.7,3.0,5.0,5.4,3.9,1.7,1.3,1.1,1.1,1.0,1.1,1.1,1.2,1.0,1.3,1.3,1.0,1.5,1.3,1.1,1.2,1.5,1.3,0.8,1.5,1.3,0.7,1.5,1.1,1.2,1.1,1.4,2.3,1.4,1.2,1.5,1.5,2.8,2.3,2.0,1.9,1.5,2.6,2.1,1.2,1.0,1.5,1.6,1.2,1.4,1.8,1.5,1.2,2.6,1.5,1.9,1.6,0.7,1.5,2.4,1.7,1.3,1.6,0.5,0.5,0.6,0.6,0.3,0.5,0.4,0.8,0.3,0.8,0.7,0.4,1.2,0.3,0.5,0.6,0.6,0.9,1.4,1.3,0.8,0.7,1.3,1.0,0.5,0.5,0.5,0.3,0.4,0.2,0.5,0.6,0.3,1.3,0.4,1.5,0.7,1.6,0.9,1.0,0.9,1.0,1.0,1.1,2.0,1.5,0.7,1.0,0.7,1.1,1.8,1.1,1.0,0.7,1.3,1.3,2.1,0.8,1.3,0.7,0.4,0.8,1.2,1.3,1.4,0.9,1.3,1.4,1.4,0.8,3.0,1.6,0.9,3.4,1.2,0.6,0.9,0.8,0.9,0.9,1.7,0.7,0.5,0.6,0.8,1.6,2.1,0.6,0.7,0.5,0.4,0.6,1.1,1.1,0.7,1.1,0.8,0.5,0.5,0.8,0.6,0.8,0.8,0.6,0.6,0.8,0.6,0.6,0.9,1.0,1.1,2.5,0.7,1.0,1.6,1.7,0.7,4.6,1.0,0.6,0.7,0.7,2.1,0.9,0.8,1.0,2.1
gtf2a1,5.8,2.2,2.2,2.2,2.2,2.0,1.8,1.4,1.3,1.3,1.3,0.9,0.9,1.1,1.4,1.4,0.9,1.5,0.7,0.3,1.2,1.3,1.1,1.0,1.1,1.3,1.0,1.0,0.9,0.9,1.2,0.5,0.7,1.0,0.7,0.7,0.8,1.0,0.6,1.2,0.4,0.9,1.1,0.3,1.2,1.0,0.9,1.2,0.7,0.6,0.6,0.4,0.6,0.5,0.4,0.9,0.3,0.5,0.8,0.3,0.7,1.3,0.4,0.7,0.8,0.5,0.7,0.8,0.4,0.3,0.6,0.4,0.5,0.8,0.8,1.0,0.5,1.0,0.7,1.1,0.9,0.8,0.6,0.6,2.3,0.6,0.3,0.4,0.8,0.3,0.6,0.6,1.0,0.5,0.5,0.7,0.7,0.5,0.5,0.5,0.7,0.6,0.7,0.8,0.8,0.8,1.2,0.9,1.1,0.9,0.3,0.4,0.2,0.8,0.5,0.9,0.9,0.5,1.0,0.9,1.5,0.7,0.4,0.5,0.7,0.7,0.6,0.5,0.7,1.2,1.0,0.9,0.5,0.5,0.6,1.4,0.8,0.6,0.9,0.7,0.8,0.8,0.9,1.1,0.4,0.4,0.8,0.3,0.4,0.8,0.1,0.6,1.1,0.7,0.8,0.4,0.6,0.5,0.8,0.7,0.6,0.5,0.4,0.4,0.6,0.8,0.7,1.0,0.7,0.6,0.5,0.4,0.8,0.6,1.0,0.7,0.9,0.9,0.5,0.5,1.0,1.2,0.7,1.0,0.4,0.8,0.7,0.5,0.2,0.8,0.5,0.2,0.2,0.2,0.3,0.9,1.1,0.6,0.4,0.2,0.3,0.8,0.7,0.4
gtf2a2,2.7,3.2,4.0,3.1,3.7,4.4,3.9,3.2,2.5,2.6,2.3,3.3,3.5,2.6,2.3,2.3,2.9,2.8,3.9,1.2,2.1,1.4,1.3,0.9,1.4,1.3,1.9,1.5,0.9,0.7,1.1,0.8,1.8,1.4,1.4,1.7,1.0,1.1,0.8,0.8,2.7,1.5,1.3,0.3,0.8,1.8,1.2,1.3,1.1,0.8,0.9,0.7,0.7,0.6,1.3,1.2,0.7,1.1,1.4,1.5,1.4,1.7,1.4,1.5,0.6,0.7,1.0,0.9,1.0,0.8,1.3,0.6,0.8,0.2,0.9,2.2,0.8,1.0,0.9,1.0,0.8,1.1,1.5,0.9,1.1,1.5,1.1,1.1,1.5,0.4,0.9,1.0,0.9,1.4,1.0,0.9,0.8,0.6,0.4,0.5,0.7,1.3,1.3,0.9,1.2,1.1,0.8,1.7,0.9,1.3,0.7,1.0,0.2,0.4,0.6,1.0,1.4,1.4,0.9,1.0,1.2,0.9,0.6,0.7,1.0,1.3,1.7,0.8,0.8,1.9,1.4,1.1,1.4,1.0,1.0,1.1,1.0,0.9,0.9,0.5,0.7,0.9,0.9,1.1,0.8,0.4,0.5,0.6,0.2,0.8,0.3,1.0,1.2,1.2,1.4,1.4,1.6,0.7,1.2,0.8,1.0,1.3,0.3,1.1,1.0,1.2,1.1,1.0,1.3,1.9,0.8,1.1,1.5,1.5,1.5,1.8,1.8,1.0,1.9,1.4,1.4,1.5,1.1,1.1,1.0,1.1,1.2,0.8,0.5,1.5,0.4,0.8,1.1,0.8,0.7,0.9,1.4,1.1,1.5,0.6,1.3,1.3,1.1,0.9
gtf2b,0.9,0.8,0.8,0.9,0.8,0.7,0.6,0.1,0.9,0.9,1.1,1.0,0.8,0.7,1.1,0.9,0.4,0.5,1.2,0.4,1.5,0.6,1.6,0.8,0.8,1.3,0.4,0.8,0.8,0.3,1.0,0.3,0.7,0.9,0.7,0.4,0.8,0.8,0.3,0.6,0.6,0.8,1.0,0.9,0.5,0.7,1.5,0.8,0.9,0.4,0.3,0.3,0.4,0.4,0.5,0.5,0.0,0.3,1.1,0.5,0.4,0.7,0.6,0.8,0.4,0.7,0.7,0.5,0.7,0.4,0.6,0.5,0.6,0.1,0.5,1.5,0.1,0.6,0.6,0.6,0.7,0.7,0.6,0.4,0.1,0.5,0.9,0.5,0.6,0.8,0.5,0.5,0.7,0.6,0.5,0.5,0.3,0.3,0.3,0.0,0.2,0.6,0.7,0.5,0.7,0.4,0.6,1.5,2.6,0.9,0.2,0.7,0.1,0.3,0.1,0.7,0.7,1.0,1.1,0.7,0.7,0.5,0.4,0.9,0.5,0.8,0.5,0.8,0.4,0.5,2.2,1.3,0.6,0.2,0.7,0.4,0.5,0.5,0.8,0.5,0.4,0.5,0.5,0.3,0.3,0.5,0.3,0.5,0.2,0.5,0.1,0.5,1.2,0.8,0.5,0.5,0.0,0.2,0.6,0.6,0.6,0.6,0.1,0.3,0.5,0.7,0.7,0.5,0.6,1.2,1.7,0.4,0.6,0.6,0.9,1.8,1.2,0.4,0.7,0.7,0.8,1.2,0.7,1.0,0.2,0.5,0.5,0.7,0.2,0.7,0.2,0.2,0.1,0.0,0.2,1.0,0.8,0.8,0.7,0.3,0.3,0.7,0.7,0.3
gtf2e2,2.9,3.2,3.5,3.3,3.5,3.3,3.7,3.9,3.1,2.9,3.3,3.5,3.4,3.2,3.2,3.2,4.5,2.3,3.6,1.7,1.6,1.9,2.1,1.6,2.4,2.4,2.1,2.3,1.5,1.7,1.6,1.0,2.0,1.7,2.2,2.5,2.1,1.8,0.7,1.7,2.1,2.0,1.9,1.5,1.3,2.2,1.8,1.9,1.6,1.1,1.4,0.3,0.9,0.8,1.1,1.8,0.5,1.2,1.1,2.5,1.4,0.8,2.4,1.4,1.2,1.9,1.4,1.0,1.5,0.7,1.5,1.6,0.6,0.6,1.6,1.5,0.8,1.7,1.9,1.5,1.1,1.3,2.1,1.4,2.6,2.3,1.6,1.4,2.0,0.8,2.0,2.1,2.1,2.2,1.7,1.2,1.8,1.1,1.3,0.1,1.2,1.8,1.8,1.7,1.9,1.4,1.2,1.4,0.8,1.3,0.7,1.2,0.5,1.8,0.0,1.8,1.6,1.0,1.5,1.6,2.1,1.0,2.3,2.1,1.7,1.9,2.2,1.0,1.5,0.8,0.8,1.1,1.3,1.0,1.5,2.1,1.7,2.1,2.0,1.0,1.2,1.6,2.0,1.2,0.8,0.5,1.2,0.7,0.7,1.2,0.2,1.9,0.9,1.2,2.0,1.4,0.8,0.3,1.5,0.7,1.4,2.0,0.1,0.7,2.2,2.0,2.7,2.1,1.9,2.8,2.1,1.5,2.0,1.9,2.2,1.1,1.8,1.7,1.5,1.8,2.1,2.2,2.2,1.6,1.0,1.8,1.9,1.3,0.3,2.0,1.3,0.7,1.3,0.2,0.5,1.7,2.1,2.1,1.3,0.8,1.4,1.7,1.5,1.0
gtf2f1,0.6,0.9,1.1,0.8,0.7,0.7,0.8,1.9,1.0,1.1,1.0,0.9,0.8,1.1,0.9,0.8,0.6,0.7,0.3,0.6,1.0,0.6,1.0,1.1,0.9,1.1,0.8,1.0,0.7,0.7,0.8,0.4,0.5,0.7,0.5,0.7,0.9,0.8,0.4,0.6,0.9,0.6,1.1,0.2,1.0,0.7,0.3,0.5,1.1,1.2,1.1,1.2,1.1,1.2,1.0,0.8,0.9,1.2,1.4,0.9,1.2,1.0,1.0,1.3,0.6,0.5,0.8,0.2,0.4,0.4,0.7,0.0,0.2,0.8,0.6,1.4,0.3,0.8,0.3,0.5,0.4,0.8,0.4,0.3,0.4,0.5,0.6,0.2,0.5,0.2,0.5,0.6,0.7,0.8,0.3,0.5,0.4,0.4,0.5,0.5,0.4,0.5,1.0,0.7,0.7,0.5,0.6,0.6,0.0,0.7,0.2,0.6,0.5,0.3,0.0,0.8,0.4,0.4,0.8,1.0,0.9,0.7,0.5,0.4,0.5,0.6,0.8,0.8,0.5,1.1,0.3,0.6,0.3,0.5,0.7,0.4,0.6,0.7,0.7,0.9,1.1,1.0,0.7,1.0,0.5,0.6,0.4,0.5,0.8,0.5,0.4,0.6,0.1,0.3,0.4,0.7,0.4,0.1,0.9,0.6,1.0,0.3,0.2,0.3,1.0,0.5,0.8,0.7,0.6,0.6,0.5,0.5,0.3,0.6,0.3,1.0,0.7,0.9,0.4,0.5,1.0,0.9,0.9,1.5,0.5,0.7,0.9,0.9,0.5,0.7,0.4,0.8,0.7,0.1,0.6,0.9,0.9,0.5,0.6,0.3,0.3,1.1,0.9,1.0
gtf2f2,1.3,1.3,0.9,1.3,1.2,1.2,1.1,3.1,1.5,1.4,1.4,1.3,1.2,1.3,1.5,1.4,1.1,1.3,1.0,0.7,1.1,0.7,1.2,0.6,1.0,0.9,0.8,1.0,0.7,1.0,0.8,0.7,0.5,0.7,0.7,0.5,0.9,0.9,0.5,0.8,0.9,0.6,1.1,1.1,0.9,0.6,0.5,0.8,0.7,0.8,0.7,0.3,0.6,0.5,0.2,0.4,0.4,0.7,0.9,0.7,1.0,1.2,0.7,0.9,0.6,0.6,0.5,0.4,0.3,0.5,0.5,0.4,0.2,0.6,0.5,1.1,0.2,0.8,0.6,1.3,0.8,0.8,0.4,0.4,0.1,0.3,0.5,0.2,0.3,0.1,0.6,0.5,0.7,0.3,0.6,0.2,0.5,0.6,0.3,0.4,0.4,0.4,0.2,0.8,0.9,0.5,0.6,1.0,1.0,1.0,0.4,0.3,0.1,0.5,0.0,0.9,0.5,0.5,0.9,0.8,0.7,0.3,0.6,0.3,0.5,0.6,0.9,0.5,0.4,1.0,0.4,0.6,0.3,0.2,0.8,0.5,0.5,0.8,0.5,0.4,0.7,0.3,0.9,0.4,0.2,0.5,0.3,0.2,0.0,1.0,0.1,0.4,0.2,0.1,0.5,0.2,0.3,0.2,0.8,0.7,0.5,0.3,0.5,0.5,0.9,0.5,0.7,1.2,0.5,0.6,0.5,0.4,0.6,0.4,0.6,0.2,0.8,0.5,0.4,0.4,0.9,1.1,0.9,0.8,0.4,0.4,0.6,0.6,0.1,0.5,0.4,0.3,0.3,0.0,0.1,0.9,0.7,0.5,0.3,0.3,0.4,0.9,0.8,0.4
gtf2h1,1.2,1.1,0.4,1.0,0.7,0.6,0.6,0.3,0.9,0.7,0.8,0.4,0.4,0.6,0.6,0.8,0.2,0.2,0.2,0.7,0.7,0.7,1.3,0.5,0.8,1.2,0.8,1.0,0.5,0.7,0.6,0.2,0.4,0.5,0.7,0.4,0.7,0.6,0.1,0.6,1.9,0.4,0.9,0.7,0.7,0.6,0.8,0.6,1.0,0.8,0.9,1.5,0.6,0.9,0.6,0.8,0.4,1.2,1.0,1.0,0.8,2.0,1.0,1.1,0.7,0.7,0.5,1.2,0.4,0.5,0.6,0.2,0.5,1.1,0.7,1.0,0.3,1.0,0.9,1.2,0.7,0.9,0.4,0.2,1.1,0.7,0.5,0.3,0.7,0.3,1.0,1.1,1.1,0.6,0.9,1.2,1.3,0.8,0.6,0.0,0.6,0.4,0.3,0.8,0.9,1.1,0.7,0.7,0.7,0.9,0.3,0.2,0.1,0.2,0.8,1.1,0.6,0.4,0.9,0.9,1.4,1.3,1.1,0.6,0.6,0.6,0.2,1.0,0.6,1.4,0.4,1.0,0.6,0.6,0.9,0.7,1.1,1.6,0.9,0.9,0.7,1.0,1.2,1.3,0.9,0.5,0.8,1.6,1.0,1.4,0.2,0.6,0.3,0.4,0.6,0.5,0.2,0.5,1.3,0.7,0.9,0.4,0.5,0.6,0.8,0.8,1.1,1.1,0.9,0.4,1.0,0.8,0.5,0.4,0.7,1.2,0.9,0.8,0.9,0.7,1.0,1.3,1.3,1.2,0.4,0.5,1.2,0.8,0.5,0.8,0.8,0.7,0.9,0.6,0.9,1.0,1.5,0.6,0.8,1.0,0.2,1.6,1.0,1.2
gtf2h3,1.3,1.2,0.7,1.1,1.0,1.0,1.0,1.7,0.6,0.5,0.5,0.5,0.5,0.4,0.5,0.7,0.3,0.6,0.4,0.0,0.6,0.4,0.4,1.2,0.5,1.2,0.4,0.4,0.6,0.6,0.4,0.8,0.3,0.6,0.2,0.3,0.7,0.7,0.4,0.5,0.6,0.4,0.5,0.0,0.9,0.4,0.2,0.4,0.6,0.4,0.5,0.3,0.4,0.2,0.8,0.4,0.4,0.4,0.5,0.8,0.5,0.5,0.6,0.5,0.3,0.4,0.5,0.1,0.3,0.4,0.4,1.0,0.2,0.5,0.4,0.3,0.7,0.8,0.6,0.9,0.6,0.8,0.4,0.6,0.6,0.7,1.5,0.2,0.7,0.3,0.8,0.7,0.9,0.9,0.2,0.4,0.2,0.5,0.5,0.6,0.4,0.6,0.6,1.1,0.7,1.1,0.8,0.8,0.4,0.7,0.3,1.3,0.2,0.7,0.1,0.8,0.6,0.8,1.1,0.6,1.5,0.3,0.7,0.6,0.5,0.5,0.9,0.5,0.5,1.1,0.5,0.7,0.4,0.5,0.5,0.5,0.7,0.7,0.5,0.5,0.8,0.7,0.7,0.4,0.4,0.7,0.6,0.2,0.2,0.8,0.3,0.3,0.0,0.3,0.6,0.3,0.1,0.8,0.8,0.5,0.7,0.4,0.7,0.4,1.0,1.0,0.9,0.8,0.8,0.8,0.0,0.5,0.9,0.8,0.4,0.4,0.5,1.0,1.1,0.6,0.8,0.7,0.9,0.8,0.0,0.6,0.4,0.7,0.1,0.6,0.4,0.3,0.3,0.7,0.2,0.6,0.8,0.6,0.5,0.4,0.4,0.5,0.4,0.5
gtpbp1,1.3,1.4,1.0,1.4,1.4,1.4,1.0,2.4,1.2,1.0,1.2,1.0,1.0,1.2,1.2,1.1,1.2,0.7,1.0,0.7,0.6,0.1,0.2,0.6,0.3,0.2,0.3,0.4,0.2,0.3,0.2,2.1,0.5,0.2,0.4,0.5,0.3,0.3,0.9,0.6,0.3,0.3,0.2,0.5,0.5,0.2,0.6,0.4,0.1,0.2,0.2,0.2,0.3,0.2,0.4,0.1,1.5,0.3,0.2,0.2,0.3,0.1,0.2,0.2,0.2,0.1,0.1,0.8,0.5,0.7,0.2,0.8,0.5,0.7,0.7,0.7,0.2,0.6,0.3,0.5,0.7,0.4,0.1,0.2,0.3,0.1,0.2,0.5,0.1,1.1,0.1,0.3,0.6,0.7,0.3,0.8,1.6,0.1,0.3,0.2,0.3,0.2,0.5,0.2,0.2,0.3,0.3,2.0,0.9,1.0,0.5,1.1,4.6,0.0,0.1,0.6,0.1,0.5,0.3,0.7,0.7,0.2,0.2,0.1,0.2,0.0,0.1,0.3,0.2,0.4,0.6,1.5,0.3,0.9,0.2,0.3,0.2,0.3,0.2,0.1,0.1,0.1,0.2,0.3,0.3,0.1,0.1,0.1,0.7,0.3,4.4,0.3,0.0,0.8,0.1,0.8,1.5,0.6,0.3,0.1,0.2,0.4,2.3,0.5,0.1,0.3,0.1,0.3,0.1,0.0,0.1,0.3,0.1,0.2,0.1,1.3,1.2,0.2,0.6,0.3,0.5,0.5,0.6,0.8,1.1,0.3,0.2,0.2,1.7,0.1,0.4,0.2,0.2,0.0,0.0,0.1,0.2,0.1,0.6,0.5,0.9,0.4,0.3,0.5
gtpbp4-like,0.9,1.6,1.3,1.5,1.4,1.3,1.4,0.3,2.1,1.9,2.3,2.2,1.9,2.2,2.2,2.5,1.4,1.6,2.0,2.0,2.0,4.2,3.1,1.9,3.0,2.1,2.5,3.3,3.3,2.8,3.2,0.9,2.4,2.6,1.5,2.7,2.9,3.7,1.0,1.7,1.8,2.5,4.1,1.2,1.7,3.1,1.4,2.8,5.3,4.4,4.2,5.7,4.3,4.5,2.2,4.3,2.1,4.4,4.1,2.4,3.4,3.5,4.0,4.5,3.7,2.4,3.0,2.6,2.6,1.7,3.2,1.3,1.3,2.7,2.7,2.9,1.6,4.4,3.5,3.0,2.0,4.7,3.0,3.2,4.5,3.3,3.4,3.2,4.9,0.7,7.3,5.9,6.0,4.0,4.4,4.7,1.8,3.7,3.5,1.9,3.6,3.1,3.2,5.6,6.0,5.3,7.9,2.4,1.8,3.1,1.6,1.4,0.6,4.0,1.9,5.0,3.0,3.6,5.4,4.2,3.4,5.6,4.9,3.2,3.7,3.7,3.9,6.7,3.5,4.9,2.1,2.7,4.3,1.7,7.5,5.7,6.9,6.5,6.3,5.8,4.4,4.5,5.1,7.7,3.7,4.1,2.9,3.0,2.4,5.0,1.6,3.7,0.7,0.8,5.6,2.9,1.1,1.6,5.2,5.3,6.7,4.3,1.0,1.1,8.2,5.0,7.2,6.4,5.9,1.9,3.6,4.1,4.3,4.0,4.2,2.7,3.0,6.9,4.0,3.4,4.8,4.0,5.8,5.4,2.0,3.4,5.5,4.9,2.1,6.1,5.0,4.9,4.7,2.1,4.2,4.8,5.1,4.0,3.8,3.7,0.9,4.6,4.2,5.6
gtse1,3.2,2.9,2.1,3.1,3.0,2.6,2.2,2.1,2.0,2.1,2.0,1.6,1.7,2.1,1.8,1.8,1.7,1.5,1.2,0.5,0.7,2.2,1.7,1.2,1.9,1.4,2.5,1.8,1.6,1.6,1.7,0.2,1.0,2.3,0.8,2.1,1.5,2.3,0.5,1.2,1.0,1.9,2.1,2.4,1.5,1.8,0.8,0.9,1.1,0.9,1.4,0.7,0.6,0.6,0.6,1.1,0.3,1.0,1.4,1.5,0.9,1.0,1.3,1.3,0.8,0.5,1.5,0.3,0.5,0.5,1.2,0.2,3.2,1.4,1.1,0.2,0.9,1.8,2.1,1.3,2.1,1.7,1.3,1.4,0.3,2.2,1.2,0.4,1.4,0.7,1.6,1.7,1.9,1.4,1.8,1.6,0.2,0.8,1.0,1.5,0.7,1.5,1.3,1.6,1.4,1.5,1.6,0.2,0.8,0.9,0.7,0.9,0.1,3.0,2.7,1.3,1.4,1.5,0.9,1.5,1.2,1.3,1.4,1.6,1.6,1.2,1.4,0.9,1.2,2.5,0.2,0.6,0.9,0.3,1.0,1.1,1.4,1.4,1.6,1.3,1.5,1.2,1.1,0.9,0.9,0.7,0.5,1.0,1.0,2.5,0.3,3.1,1.0,0.5,1.6,1.2,0.7,0.9,1.4,1.9,1.6,0.6,0.1,1.5,1.7,2.0,1.7,1.4,1.7,0.6,0.6,1.0,1.1,1.1,2.0,0.1,0.6,1.0,1.3,1.1,1.5,1.5,1.3,1.8,2.5,2.1,1.3,1.0,0.3,1.3,0.7,0.5,0.7,0.0,0.0,1.1,1.4,1.4,1.1,0.3,0.5,1.6,1.5,0.9
gucd1,1.5,1.0,0.7,1.1,1.3,0.9,0.7,0.6,1.0,1.2,1.1,1.0,1.0,1.3,1.0,1.1,0.6,1.1,0.9,0.1,0.3,0.7,0.8,0.2,0.4,0.7,0.3,0.4,1.2,1.4,1.0,0.1,0.4,0.9,1.3,0.6,0.9,1.0,0.8,0.8,1.2,0.8,0.6,0.7,0.8,0.8,0.7,1.0,0.6,0.7,0.5,0.7,0.7,0.8,0.4,0.4,0.4,0.4,0.3,0.5,0.3,0.2,0.2,0.3,0.5,0.9,0.7,0.4,0.2,0.4,0.6,0.4,0.8,1.0,0.6,0.4,0.7,0.5,0.8,0.6,0.5,0.7,0.8,0.9,1.5,0.8,0.9,0.6,1.3,0.6,0.7,0.7,0.7,0.4,1.2,0.7,1.6,1.3,0.8,0.2,1.2,1.0,0.8,0.8,0.7,0.8,0.8,0.4,0.4,0.7,1.2,0.9,0.4,0.6,0.5,0.6,0.7,0.3,0.4,0.4,0.7,0.7,0.6,0.3,0.9,0.7,0.5,0.7,0.6,0.5,0.9,0.4,0.4,0.8,0.5,0.6,0.6,0.9,0.5,0.6,0.8,0.4,1.0,0.8,1.0,0.8,1.0,0.8,0.7,0.3,0.3,0.5,0.3,0.1,0.9,0.5,0.7,0.5,0.7,0.6,0.4,0.4,0.1,0.5,0.4,0.4,0.5,0.6,0.7,0.6,0.9,0.7,0.1,0.5,0.3,0.2,0.4,0.5,0.5,0.6,0.4,0.2,0.5,0.4,0.6,0.7,0.5,0.6,0.1,0.7,0.9,0.5,0.7,0.8,0.2,0.2,0.5,0.8,0.5,0.8,0.7,0.6,0.5,0.6
gxylt1-like,1.4,0.9,1.5,0.8,0.9,0.8,0.7,0.3,0.7,0.9,0.8,1.4,1.1,1.5,0.8,0.6,1.4,0.7,1.3,0.5,0.5,1.7,0.8,0.7,0.5,0.6,0.6,0.7,0.7,0.8,1.0,0.3,1.6,0.7,1.6,0.9,0.9,0.8,0.7,0.8,0.5,1.1,1.1,0.8,0.7,1.6,1.4,1.3,1.0,0.6,0.4,0.4,0.5,0.4,0.4,1.3,0.1,0.4,0.3,0.1,0.2,0.3,0.4,0.4,0.5,1.1,0.8,1.2,1.2,0.8,0.5,0.6,1.8,0.3,1.0,0.5,1.2,0.6,0.7,0.3,0.8,0.6,0.8,1.2,2.3,1.5,1.2,1.3,1.8,0.8,1.3,1.0,0.9,0.9,1.3,1.2,1.1,0.9,0.7,0.4,0.9,1.0,0.9,1.1,0.8,1.4,1.2,0.3,0.4,0.8,1.8,0.5,0.2,1.4,0.8,0.5,1.0,0.8,0.5,0.5,0.5,0.9,1.3,0.7,1.3,1.0,0.7,1.9,1.0,0.8,0.1,0.4,1.5,0.4,1.0,0.9,1.3,1.6,1.3,0.8,0.8,1.1,0.7,1.1,0.6,0.7,0.9,0.2,0.5,0.9,0.2,1.1,0.3,0.7,1.7,1.0,0.5,1.0,0.9,1.4,0.9,1.6,0.2,0.9,1.3,1.3,1.2,1.4,1.4,2.3,0.6,1.1,1.2,1.1,1.0,0.8,0.3,1.0,1.2,0.9,0.6,0.7,0.8,0.5,1.8,0.9,0.8,0.9,1.3,1.7,0.8,0.5,0.6,1.8,0.7,1.0,0.6,1.1,0.8,1.1,0.6,1.3,0.7,0.4
h1fx,1.6,4.6,0.7,3.7,3.2,1.7,1.1,2.0,2.4,1.4,3.7,0.7,1.0,1.2,5.3,3.3,0.5,4.3,0.6,0.4,0.5,0.4,0.7,0.5,1.1,1.8,1.4,0.6,0.5,0.6,0.9,0.2,0.1,0.5,0.1,0.2,0.6,0.4,0.2,0.3,3.0,0.4,0.3,4.6,0.8,0.2,0.2,0.4,0.3,0.5,0.4,0.6,0.8,0.5,0.4,0.1,0.2,0.5,0.8,0.4,0.8,1.8,0.7,0.6,0.5,0.2,0.4,0.2,0.1,0.3,0.4,0.1,1.2,0.7,1.4,0.1,0.9,1.3,1.6,2.2,1.5,1.1,0.8,0.7,1.0,0.4,0.4,0.2,0.7,0.5,0.3,0.8,1.3,0.2,1.4,0.9,1.5,0.6,0.7,1.1,1.0,1.6,0.3,1.3,1.7,1.5,0.4,0.4,0.6,0.3,1.2,0.9,0.1,1.7,3.3,0.9,0.3,0.5,0.7,0.8,1.6,0.3,1.0,0.5,0.2,0.4,0.4,0.2,0.5,0.7,0.1,0.4,0.2,0.4,0.1,0.4,0.2,0.2,0.4,0.4,0.8,0.7,0.2,0.2,0.6,0.4,0.4,0.5,0.2,0.6,0.3,0.8,1.8,0.0,0.4,0.1,1.2,0.3,0.5,0.9,0.4,0.1,0.3,0.3,0.3,0.2,0.2,0.2,0.0,1.0,0.9,0.5,0.3,0.3,0.4,0.0,0.5,0.3,0.3,0.5,0.7,0.9,0.4,0.4,1.0,1.7,0.3,0.5,1.5,0.3,0.4,0.3,0.4,0.0,0.6,0.8,0.6,0.2,0.1,0.8,0.7,0.8,0.8,0.2
h2afv,0.2,0.7,0.7,0.7,0.7,0.6,0.7,0.9,1.1,1.1,1.1,0.9,1.3,1.0,1.1,1.2,0.5,1.3,1.3,1.4,1.0,1.3,1.7,1.8,2.0,1.8,2.8,1.9,0.9,1.2,1.6,1.2,1.1,1.7,1.1,1.9,1.5,1.8,1.3,1.6,0.5,1.7,1.3,1.1,1.4,1.1,1.4,1.9,1.3,1.4,1.6,1.1,1.4,1.1,1.6,1.2,0.8,1.1,2.2,0.9,1.9,2.0,1.8,2.2,2.3,1.8,1.8,1.0,1.1,1.2,1.5,1.2,1.1,1.6,1.6,1.1,2.6,2.3,2.4,1.8,1.7,2.2,2.1,1.8,2.1,2.4,2.1,1.0,1.4,1.5,1.3,1.2,2.3,1.6,0.6,2.5,1.7,1.3,1.0,0.6,0.8,2.3,3.0,1.7,1.6,1.7,1.3,2.1,0.9,2.8,1.7,2.1,0.6,1.7,1.4,2.3,1.6,1.5,2.1,2.4,2.5,2.0,1.1,1.8,1.3,2.4,2.3,2.2,2.3,1.7,0.7,1.2,1.2,2.3,1.1,1.0,1.4,1.1,1.8,1.7,1.9,2.8,1.6,1.1,1.2,1.2,1.3,0.7,1.1,1.7,0.5,2.1,1.5,1.8,1.1,1.8,2.1,2.4,2.1,2.4,1.6,1.0,0.3,2.5,2.3,1.1,1.5,1.0,1.3,2.6,3.2,2.9,1.4,2.2,1.6,0.3,1.9,1.1,1.3,2.0,2.5,2.9,2.4,2.7,3.0,2.4,2.2,1.9,1.5,1.4,1.3,1.5,1.6,0.9,1.9,1.8,2.8,1.4,1.6,2.4,1.6,1.9,2.2,2.4
h2afy2,0.4,0.5,0.5,0.5,0.4,0.4,0.6,0.3,0.5,0.5,0.4,0.3,0.5,0.5,0.5,0.1,0.2,0.3,0.2,0.2,0.3,0.3,0.3,0.4,0.2,0.3,0.4,0.2,0.4,0.4,0.4,0.2,0.2,0.5,0.7,0.9,0.5,0.3,0.5,0.4,0.1,0.4,0.3,0.4,0.5,0.4,0.2,0.8,0.2,0.3,0.4,0.5,0.3,0.3,0.6,0.3,0.1,0.1,0.1,0.6,0.3,0.3,0.1,0.5,0.3,0.1,0.3,0.4,0.2,0.1,0.3,0.7,0.4,0.2,0.3,0.4,0.3,0.3,0.2,0.2,0.1,0.3,0.7,0.4,1.0,1.3,1.2,0.2,0.6,0.2,0.6,0.6,0.2,0.5,0.9,0.8,1.0,0.6,0.7,0.4,0.7,0.7,0.4,0.8,0.6,1.0,1.4,0.4,1.4,1.0,0.4,1.7,0.1,0.7,0.7,0.3,0.7,0.8,0.2,0.3,0.3,0.6,0.3,1.0,0.3,0.4,0.9,1.0,0.7,0.4,1.2,0.6,0.3,0.7,0.6,0.4,0.4,0.6,0.4,0.9,0.6,0.4,0.9,0.5,0.4,0.5,0.4,0.5,0.2,0.6,0.1,0.3,0.6,0.9,0.5,0.0,0.6,0.5,0.7,0.4,0.8,0.2,0.5,0.6,0.2,0.6,0.5,0.6,0.5,1.5,0.7,0.7,0.2,0.4,1.0,0.5,0.6,0.9,0.5,0.8,0.2,0.2,0.3,0.3,0.3,0.5,0.8,0.7,1.2,0.7,0.4,0.5,1.1,0.1,0.1,0.5,0.3,0.5,0.6,0.7,1.3,0.5,0.9,0.6
h2afz,37.0,64.3,65.3,64.6,68.2,69.8,69.9,71.3,88.7,89.2,90.0,88.2,89.8,90.2,106.2,89.1,98.9,89.2,84.6,59.0,79.4,69.6,84.1,69.3,84.9,87.4,84.8,90.4,65.2,70.9,66.6,86.8,54.7,78.8,76.7,75.4,77.5,73.3,60.1,68.2,69.0,74.4,71.5,68.9,67.0,70.5,45.9,75.3,62.2,64.4,64.5,60.9,62.8,58.2,61.5,62.0,70.8,61.8,79.7,76.0,84.7,84.9,85.4,85.7,66.2,65.4,70.5,39.4,47.3,45.8,68.3,44.0,64.3,71.9,55.3,61.2,27.9,56.8,61.5,56.2,45.0,57.6,60.3,49.8,49.7,56.7,55.9,34.1,55.8,23.3,36.4,36.7,63.4,53.2,53.1,35.9,32.7,40.0,36.6,34.5,36.1,60.4,58.8,48.7,62.1,41.1,33.2,49.0,33.5,48.6,25.9,45.4,32.5,58.0,57.6,59.8,52.7,54.7,56.5,56.2,59.7,32.7,44.7,58.0,51.5,58.3,53.0,58.0,49.1,51.7,29.2,50.1,38.2,28.6,33.5,29.9,34.4,33.3,34.0,37.3,45.1,39.5,48.4,32.5,33.7,30.3,33.0,38.2,26.6,48.3,28.8,69.7,57.3,46.9,48.3,45.1,23.2,24.2,44.7,39.9,34.2,32.7,20.2,20.1,29.9,32.7,30.7,33.7,31.7,55.7,42.1,48.5,43.5,48.7,45.8,37.5,45.6,31.9,47.8,52.2,51.7,58.1,56.3,70.2,42.7,59.2,42.3,38.8,17.1,44.5,27.7,29.2,27.9,20.0,24.0,51.6,52.9,43.9,46.5,35.0,40.1,48.1,45.3,32.2
h3f3b,3.2,3.5,4.1,3.6,3.6,3.6,3.7,5.9,6.4,6.5,5.7,6.0,6.1,5.6,6.1,5.7,7.4,5.2,7.3,8.1,9.4,9.7,10.2,11.2,10.9,11.5,10.6,10.2,9.2,9.4,9.4,8.6,8.6,9.3,9.2,7.8,11.6,11.0,5.2,10.0,15.0,8.1,10.6,9.1,9.7,8.7,8.8,9.1,9.7,10.6,9.9,9.6,9.6,8.5,9.2,8.9,9.9,9.1,10.1,10.1,11.1,11.6,8.9,10.6,10.3,10.7,9.5,8.5,8.2,6.7,8.4,7.5,9.7,11.6,9.2,10.5,7.5,14.5,12.2,14.2,11.5,14.3,10.0,10.1,11.2,9.7,10.8,8.8,10.6,10.7,11.0,10.2,12.7,8.4,11.3,9.4,9.6,11.9,10.6,14.6,10.3,10.0,8.6,12.7,12.1,11.6,10.5,15.2,9.9,13.5,10.0,8.2,6.5,12.5,9.0,14.2,10.6,7.8,15.5,15.1,15.7,11.3,9.7,9.7,10.5,10.9,11.0,11.5,11.2,14.1,11.5,14.4,10.5,9.8,13.6,11.6,12.3,12.4,11.2,13.6,14.7,12.4,13.7,9.6,11.3,10.7,10.4,11.3,18.0,14.0,8.1,13.9,11.7,9.5,11.5,7.2,8.6,7.0,14.7,12.9,13.8,9.7,5.8,8.0,12.8,12.3,12.4,11.8,11.6,11.9,14.3,12.7,10.9,11.1,12.5,15.3,15.7,11.1,9.1,10.9,15.6,18.7,13.9,14.2,11.5,12.2,15.7,14.0,13.5,11.8,11.8,11.7,11.5,10.2,13.9,13.1,15.0,11.5,7.8,13.7,7.9,15.4,15.9,11.5
hamp2,1.1,1.1,1.2,1.1,1.0,1.2,1.3,1.2,1.1,1.3,1.0,1.3,1.1,1.4,1.0,1.0,1.0,1.5,1.0,1.9,1.4,1.2,1.1,1.2,1.3,1.0,1.1,1.2,1.0,1.1,0.9,1.5,1.3,1.3,0.9,1.3,1.2,1.1,0.5,1.1,1.4,1.3,1.4,0.7,1.1,1.3,1.3,1.4,1.1,0.9,0.8,0.6,0.8,0.9,0.6,1.0,0.6,0.7,0.9,0.8,0.9,1.6,0.5,1.1,1.1,1.6,1.0,0.5,0.9,0.4,0.8,0.9,1.5,0.8,1.2,1.2,0.8,0.9,0.8,1.2,1.0,0.9,0.8,1.0,0.9,0.6,0.9,0.9,0.9,0.7,0.9,1.0,0.7,0.4,0.6,0.8,0.7,0.9,1.0,0.8,0.7,0.8,0.4,0.9,0.9,0.7,0.8,1.4,1.1,1.2,0.4,0.6,1.2,1.0,0.8,0.9,0.9,0.8,1.0,1.0,0.9,0.5,0.8,1.2,1.1,1.0,0.7,0.7,0.8,0.9,2.5,1.3,0.9,0.8,1.1,0.4,0.9,0.7,1.1,0.7,1.1,1.0,1.2,1.1,0.9,0.9,1.0,0.6,1.4,0.8,1.4,0.6,0.5,0.2,1.0,0.5,0.6,0.7,1.0,0.9,1.1,0.9,1.1,0.7,1.1,1.0,1.0,0.9,1.0,0.9,0.5,1.0,1.4,0.9,0.6,0.8,1.1,1.1,0.8,0.9,1.0,0.9,0.8,0.7,0.4,0.4,0.9,0.8,0.1,0.8,1.3,0.6,0.9,1.5,0.9,1.2,1.0,0.9,0.5,1.0,0.8,0.9,0.7,0.4
hand1,0.2,0.2,0.1,0.1,0.2,0.1,0.1,0.5,0.2,0.1,0.2,0.2,6.2,0.2,0.1,0.1,0.1,0.4,0.0,1.1,0.1,0.3,0.5,0.0,0.4,0.2,0.2,0.4,0.2,0.2,0.5,0.1,0.2,3.5,1.0,5.3,0.1,0.2,0.2,0.1,0.5,35.4,0.4,1.1,0.1,2.3,0.0,0.1,0.5,0.5,0.5,0.3,0.4,0.3,4.6,1.1,0.2,0.4,0.2,0.2,0.3,0.6,0.1,0.3,0.2,0.5,3.1,0.5,0.5,1.0,27.7,0.0,0.3,0.5,0.4,0.3,0.3,0.2,0.1,0.1,0.1,0.2,3.8,0.6,0.3,1.6,0.4,0.3,1.0,0.2,0.3,0.1,0.1,10.9,0.4,0.3,0.1,0.2,0.3,0.0,0.1,33.4,23.7,0.3,0.2,0.2,0.2,0.0,0.0,0.1,0.2,0.2,0.3,1.1,0.2,0.2,41.4,25.9,0.4,0.3,0.2,0.2,0.2,9.7,0.2,2.2,0.9,0.1,0.3,0.3,0.8,0.3,0.2,0.3,0.2,0.2,0.3,0.1,0.2,0.2,0.1,0.4,0.4,0.4,0.3,0.2,0.7,0.2,0.1,0.1,0.2,0.5,0.0,0.4,0.8,5.1,0.1,0.2,0.2,0.1,0.3,0.3,0.1,0.3,0.2,0.3,0.3,0.1,0.1,12.6,0.6,0.3,0.3,2.9,1.4,0.0,0.2,0.1,16.2,45.6,0.3,0.1,0.2,0.1,0.0,0.6,0.5,0.4,0.2,0.5,0.2,0.3,0.3,0.0,0.0,0.4,0.1,0.9,4.4,0.2,0.2,0.3,0.1,0.2
hap1,0.2,0.4,0.2,0.5,0.3,0.2,0.3,0.2,0.7,0.6,0.6,0.3,0.2,0.5,0.5,0.6,0.9,2.0,0.4,0.3,0.7,1.5,1.5,2.9,0.9,1.5,0.8,2.8,1.1,0.2,0.2,1.3,1.2,0.3,0.0,0.2,0.4,0.3,0.5,0.5,1.2,0.2,0.4,5.4,0.4,0.6,3.4,0.6,0.4,0.4,0.4,0.3,0.2,0.7,0.4,1.0,0.9,1.3,1.6,1.3,0.8,1.1,0.7,2.5,0.5,0.3,0.5,2.7,1.0,0.5,0.3,0.9,6.7,0.4,0.2,0.5,1.3,1.2,1.6,2.4,1.5,4.7,0.5,0.1,1.6,0.3,1.0,1.4,0.7,3.8,0.4,0.1,4.3,0.2,1.2,0.5,0.6,0.6,0.2,0.4,1.1,0.4,0.6,0.5,0.5,0.5,0.1,0.9,0.7,1.0,1.0,0.1,2.0,2.7,2.3,4.7,0.4,0.3,3.6,1.7,1.5,0.4,2.2,0.5,0.2,0.5,0.1,1.3,0.6,0.8,0.1,1.0,1.1,1.0,0.1,0.3,0.4,1.8,0.1,0.5,0.4,0.7,0.5,0.1,0.7,0.3,0.2,4.9,2.9,0.1,1.9,1.7,7.6,0.0,1.0,0.2,0.0,0.6,0.5,0.8,0.4,1.0,1.5,0.6,0.2,0.5,0.2,1.4,0.1,1.0,2.0,0.3,0.0,0.4,0.0,0.1,1.0,0.2,0.2,0.4,1.8,1.2,4.2,4.9,15.2,3.1,0.4,0.4,0.0,0.8,0.4,0.5,0.4,0.6,0.1,1.4,3.2,0.4,0.1,2.1,0.1,0.4,0.6,0.2
hba3,0.0,0.0,0.0,0.0,0.0,0.0,0.0,0.0,0.0,0.0,0.0,0.0,0.0,0.0,0.0,0.0,0.0,0.0,0.0,0.0,0.0,0.0,0.0,0.0,0.0,0.1,0.0,0.0,0.0,0.0,0.1,0.0,0.0,0.0,0.1,1.9,0.0,0.0,0.0,0.0,0.0,1.9,0.0,0.2,0.0,0.0,0.0,0.0,0.0,0.0,0.0,0.0,0.1,0.1,3.0,0.0,0.0,0.0,0.0,0.0,0.0,0.0,0.0,0.0,0.1,0.0,0.2,0.0,0.0,0.0,3.1,0.0,0.0,0.0,0.0,0.0,0.0,0.0,0.0,0.1,0.0,0.0,0.0,0.0,0.0,0.0,0.5,0.0,0.0,0.0,0.0,0.0,0.0,183.9,0.0,0.0,0.1,0.0,0.1,0.0,0.1,0.1,3.7,0.0,0.0,0.0,0.1,0.0,0.0,0.0,0.0,1.1,0.0,0.0,0.0,0.0,0.4,13.0,0.7,0.1,0.0,0.1,0.0,0.3,0.0,0.1,0.0,0.0,0.1,0.0,0.0,0.1,0.0,0.0,0.0,0.0,0.3,0.1,0.6,0.1,0.1,0.0,0.0,0.0,0.6,0.1,0.0,0.0,0.0,0.3,0.3,0.0,0.0,0.0,0.0,277.7,0.2,0.0,0.0,0.0,0.1,0.1,2.1,0.8,0.0,0.5,0.1,0.0,0.0,0.1,0.1,0.1,0.0,0.4,0.1,0.1,0.1,0.0,50.7,0.3,0.1,0.0,0.4,0.1,0.1,1.0,0.5,0.0,0.0,0.1,0.2,0.2,0.4,0.6,0.0,0.4,0.1,0.1,301.8,0.0,0.2,0.2,0.0,0.1
hbz,0.0,0.0,0.0,0.0,0.0,0.0,0.0,0.0,0.0,0.0,0.0,0.0,0.0,0.0,0.0,0.0,0.0,0.0,0.1,0.0,0.0,0.0,0.0,0.0,0.0,0.0,0.0,0.0,0.8,0.9,0.9,0.0,0.0,0.0,0.0,0.1,0.0,0.0,0.1,0.1,0.5,0.2,0.0,0.0,0.0,0.0,0.0,0.0,0.0,0.1,0.0,1.0,1.2,0.8,0.0,0.0,0.1,0.0,0.0,0.0,0.0,0.0,0.0,0.0,0.0,0.0,0.1,0.0,0.0,0.0,0.3,0.3,0.0,0.3,0.0,0.1,0.0,0.0,0.0,0.0,0.0,0.0,0.0,0.0,0.0,0.0,0.0,0.0,0.0,0.0,0.0,0.0,0.0,32.6,0.0,0.7,0.0,0.7,0.5,0.0,0.6,0.0,0.3,0.0,0.0,0.0,0.0,0.1,0.0,0.1,0.0,0.0,0.0,0.0,0.0,0.0,0.0,1.6,0.0,0.1,0.0,1.5,0.0,0.0,0.1,0.0,0.0,0.0,0.0,0.0,0.1,0.1,0.0,0.5,0.0,0.0,0.0,0.0,0.2,0.0,0.1,0.0,0.0,0.0,1.3,2.1,0.8,0.0,0.0,0.0,0.0,0.0,0.0,0.0,0.0,68.4,0.0,0.0,0.0,0.0,0.0,0.0,0.0,0.2,0.0,0.2,0.1,0.0,0.0,0.0,0.0,0.0,0.1,0.0,0.1,0.0,0.0,0.1,7.3,0.1,0.0,0.0,0.0,0.0,0.1,0.3,0.1,0.1,0.2,0.0,0.5,1.1,1.6,0.2,0.3,0.0,0.0,0.0,70.5,0.0,0.0,0.0,0.0,0.8
hccs-like,3.1,2.9,2.4,3.0,2.8,2.9,3.0,1.7,2.4,2.6,2.5,2.4,2.6,2.4,2.7,2.5,2.3,2.6,2.0,0.5,1.5,1.7,1.6,1.3,1.2,0.9,1.3,1.5,1.4,1.3,1.4,1.1,0.8,1.4,1.5,1.2,1.5,1.6,0.9,1.5,2.8,1.3,1.8,0.5,1.1,1.4,1.0,2.0,1.6,1.7,1.3,1.6,1.7,1.6,0.8,1.4,1.0,1.7,1.1,1.2,1.5,1.7,1.6,1.1,1.4,2.5,1.2,1.1,1.0,0.8,1.2,1.2,1.2,1.0,1.8,1.7,0.3,1.1,1.3,1.1,0.5,1.2,1.0,1.3,0.7,1.2,0.9,0.7,1.1,0.8,1.7,1.0,1.0,0.8,1.2,1.2,0.6,0.6,0.8,0.7,0.9,0.9,1.1,1.3,1.0,1.4,1.1,1.3,0.3,1.6,0.8,0.5,0.3,1.2,0.7,1.5,1.2,1.6,1.2,1.2,0.8,1.3,2.3,0.9,1.3,1.1,1.9,1.6,1.4,1.3,0.3,1.0,0.9,2.8,1.7,1.1,1.7,1.9,1.4,1.0,0.7,1.7,2.2,1.3,1.7,0.7,0.7,1.1,0.3,1.8,0.5,1.0,1.2,1.2,1.6,1.3,1.0,0.6,1.5,1.4,1.6,1.1,0.5,0.6,1.8,1.1,1.5,1.7,1.4,0.7,0.7,1.4,1.1,1.2,1.1,1.7,1.3,1.8,1.3,1.3,1.1,1.4,1.3,0.8,0.9,0.9,1.8,1.2,1.0,1.5,0.9,1.3,1.0,4.4,2.7,1.2,1.2,1.3,1.6,1.6,0.6,1.4,1.2,1.4
hdac1,2.5,3.5,2.4,3.6,3.4,2.9,2.6,2.5,4.7,4.7,4.4,3.6,3.5,4.0,4.3,5.7,4.2,5.9,3.2,6.2,4.9,4.2,5.6,4.2,5.6,5.6,5.4,4.9,4.3,4.3,4.7,2.5,2.9,3.3,4.5,2.8,5.2,5.2,3.0,4.3,5.2,3.4,5.1,4.5,5.6,4.0,2.5,3.8,3.8,3.8,3.2,2.7,2.6,2.9,1.7,3.1,2.0,3.0,4.0,3.9,3.9,3.5,1.8,4.4,3.4,2.5,2.8,1.4,2.1,2.7,1.9,1.3,3.3,2.4,2.4,3.1,1.7,4.6,4.0,5.0,3.3,4.7,2.9,3.0,2.4,3.2,3.5,1.7,3.9,1.2,3.4,3.1,4.5,2.4,4.4,2.8,2.0,2.9,2.0,1.2,1.8,2.6,3.6,3.9,3.4,3.7,3.0,5.0,3.4,4.6,1.0,1.7,0.1,4.0,0.9,4.3,2.4,2.1,4.1,4.4,5.6,1.9,1.9,2.3,2.5,2.9,3.1,2.9,2.9,3.5,2.6,3.7,2.0,0.9,3.3,2.8,3.0,3.3,3.0,3.1,3.2,4.3,3.7,3.2,2.0,2.5,2.5,1.1,2.2,3.8,0.4,4.6,1.1,1.4,2.7,2.6,0.5,1.2,2.8,2.8,2.6,1.9,0.6,1.0,2.2,3.4,3.0,2.9,3.0,2.3,1.3,2.6,2.8,2.3,2.8,1.9,3.2,2.2,2.2,2.2,3.8,4.3,4.0,4.6,1.2,3.6,2.6,2.8,0.4,2.6,1.9,1.2,1.9,1.3,0.2,3.2,3.2,2.5,2.6,1.9,1.6,3.9,3.0,1.5
hdac7,0.8,0.6,0.4,0.6,0.5,0.4,0.4,0.0,0.3,0.2,0.2,0.2,0.3,0.2,0.2,0.1,0.2,0.4,0.0,0.3,0.2,0.3,0.2,0.3,0.2,0.3,0.5,0.2,0.3,0.4,0.3,0.9,0.5,0.2,0.8,0.1,0.2,0.4,1.0,0.8,0.3,0.2,0.2,0.0,0.1,0.3,0.0,0.5,0.3,0.2,0.4,0.2,0.2,0.3,0.2,0.4,0.5,0.1,0.1,0.1,0.2,0.3,0.2,0.1,0.6,1.4,0.5,0.2,0.5,1.1,0.3,0.5,0.3,0.7,0.1,0.2,0.9,0.3,0.4,0.1,0.1,0.4,0.8,1.0,2.1,0.7,1.3,0.5,0.7,0.0,1.3,0.6,0.2,0.2,0.6,0.3,0.8,0.6,0.9,0.7,1.1,0.6,0.7,0.5,0.7,0.4,0.3,0.2,0.1,0.9,1.6,0.5,0.5,0.0,0.1,0.1,0.6,0.4,0.3,0.2,0.1,0.2,0.3,1.0,0.7,0.6,1.6,1.8,1.5,0.5,0.0,0.1,0.4,1.5,0.9,0.6,1.2,1.6,1.2,0.6,0.5,0.1,0.8,0.3,1.0,0.5,0.6,0.3,0.4,0.2,0.8,0.2,0.0,0.3,0.4,0.3,0.1,1.0,0.4,0.2,0.5,0.4,0.9,0.7,0.6,1.0,1.3,1.6,0.9,0.9,2.0,1.2,1.3,1.1,1.1,0.3,0.2,0.2,0.6,0.6,0.2,0.1,0.2,0.3,0.1,0.4,0.5,0.7,0.4,0.5,1.0,0.7,0.7,2.9,1.0,0.4,0.4,0.7,0.2,0.1,1.1,0.3,0.2,0.1
hdac8,1.5,1.3,1.1,1.1,1.3,1.4,1.1,2.1,1.2,1.3,1.4,1.2,1.4,1.1,1.1,1.5,0.9,0.9,1.3,0.6,1.1,1.3,1.3,1.3,1.4,1.2,1.1,1.2,1.0,1.3,1.1,0.6,1.0,1.4,0.9,1.0,1.2,1.1,0.6,1.0,1.4,1.4,1.4,3.2,1.2,1.2,1.7,1.1,1.1,1.2,0.5,1.1,1.0,0.8,1.0,1.3,0.2,0.8,1.0,1.3,0.8,1.1,1.1,0.9,1.0,1.2,1.0,1.1,0.7,0.4,1.2,1.0,0.4,0.6,1.1,0.6,0.6,1.0,1.0,1.3,0.9,1.0,1.2,1.2,0.7,1.2,1.4,0.4,1.3,0.9,1.3,1.2,1.3,1.0,0.4,0.8,1.4,1.1,0.9,1.3,1.1,1.2,1.4,1.1,1.5,1.9,1.0,0.4,0.4,0.4,0.7,0.7,0.1,1.7,1.7,1.4,1.2,1.3,1.3,1.0,1.0,0.6,1.6,1.1,0.8,1.1,1.3,0.6,1.3,1.4,0.9,0.7,0.6,0.5,1.2,0.8,1.2,1.6,1.0,0.9,1.2,1.4,1.2,0.6,0.8,0.6,1.0,0.8,0.6,1.0,0.3,1.0,1.3,0.4,1.1,0.8,1.1,0.4,1.1,1.5,1.1,0.6,0.1,0.4,0.9,0.8,1.2,1.2,1.3,0.4,1.9,1.3,0.9,1.0,1.3,0.6,0.8,1.4,1.0,1.1,1.2,1.0,1.3,1.3,1.1,1.1,0.8,1.1,0.5,1.3,0.8,0.6,0.7,0.1,0.4,0.8,1.4,1.3,0.9,0.7,0.7,0.9,1.0,0.5
hddc2-like,1.0,0.9,0.8,1.0,1.0,1.1,0.9,1.7,0.9,0.8,0.7,0.8,0.9,0.8,0.8,0.9,0.5,0.8,0.6,0.1,0.4,0.3,0.5,0.6,0.4,0.1,0.4,0.5,0.2,0.4,0.3,0.5,0.4,0.5,0.1,0.5,0.4,0.4,0.5,0.3,0.3,0.6,0.5,1.5,0.4,0.4,0.6,0.3,0.5,0.6,0.4,0.6,0.6,0.6,0.5,0.4,0.8,0.6,0.7,0.5,0.5,0.4,0.5,0.5,0.7,0.2,0.6,0.7,0.6,0.5,0.7,0.6,0.4,0.6,1.0,0.6,0.2,0.6,0.6,0.4,0.8,0.5,0.6,0.4,0.5,0.7,1.0,0.4,0.5,0.7,0.4,0.3,0.5,0.5,0.3,0.3,0.4,0.4,0.4,0.5,0.3,0.7,1.0,0.4,0.4,0.5,0.6,0.6,0.1,0.6,0.5,0.8,0.8,0.3,0.2,0.5,0.5,0.6,0.6,0.7,0.4,0.4,0.3,0.9,0.8,0.8,0.7,0.3,1.1,0.6,0.2,0.7,0.5,0.9,0.8,0.4,0.6,0.5,0.4,0.6,0.5,0.6,0.7,0.7,0.5,0.5,0.6,0.6,0.9,0.9,1.1,0.5,0.0,0.2,0.5,0.4,0.5,0.3,0.8,0.3,0.6,0.5,0.9,0.2,0.6,0.7,0.6,0.4,0.5,1.3,0.6,0.9,0.8,0.8,0.4,0.2,0.5,0.4,0.5,0.7,0.6,0.5,0.5,0.5,0.3,0.5,0.9,0.7,0.3,0.6,0.3,0.7,0.4,0.1,0.0,0.7,0.4,0.7,0.5,0.9,0.6,0.6,0.8,0.5
hdgf,4.7,7.0,5.1,7.0,6.3,4.7,4.7,4.0,9.4,8.2,9.4,5.9,5.1,7.2,8.9,9.6,5.3,5.8,4.9,1.8,3.3,4.1,5.2,3.4,5.4,5.5,5.6,5.3,4.0,4.1,3.8,3.8,1.7,3.2,2.0,2.5,4.6,4.2,1.8,3.6,2.5,3.0,4.2,4.0,4.3,3.0,2.2,2.5,5.0,5.6,5.5,10.3,7.0,6.5,2.6,4.7,6.7,5.4,6.1,4.0,6.0,6.1,4.6,6.9,3.4,3.8,4.1,2.7,1.4,1.7,3.7,1.1,2.2,4.1,3.2,3.8,0.9,2.8,3.4,3.0,1.8,3.4,1.9,1.5,1.6,1.7,1.6,0.7,2.5,0.1,2.7,2.2,3.5,2.5,3.5,2.0,0.7,2.4,1.6,0.8,2.0,1.9,2.2,2.9,4.2,2.8,3.7,1.9,0.9,2.7,0.5,0.6,1.0,2.7,0.5,3.3,1.6,1.9,3.4,3.2,2.9,2.5,3.3,1.8,1.8,2.2,2.6,1.8,1.7,4.0,0.8,2.0,0.9,1.0,4.2,1.6,3.1,2.4,2.5,2.5,3.6,3.3,4.2,3.4,2.2,2.3,1.7,1.9,1.6,3.0,1.2,2.0,2.4,0.7,2.7,2.5,0.4,0.6,4.1,3.3,3.5,0.9,1.2,0.7,3.9,2.0,3.3,3.0,3.4,1.0,2.3,2.0,1.7,2.2,1.8,0.7,2.3,5.8,2.3,2.6,3.7,3.9,4.3,4.2,1.5,2.1,3.6,3.1,1.0,3.5,2.1,3.5,4.0,0.8,0.4,2.1,3.3,2.1,3.1,1.1,0.9,4.0,4.3,2.8
hdgfrp2,1.5,4.8,4.7,4.4,4.7,4.7,5.4,6.8,3.6,2.9,3.3,3.5,3.8,4.2,3.5,3.0,4.6,2.3,4.8,2.1,1.6,2.2,2.3,2.5,2.6,3.0,2.4,2.8,2.0,2.7,3.0,2.3,2.3,2.1,2.5,2.1,2.6,2.6,1.8,2.6,1.9,1.7,2.2,3.5,1.8,2.7,2.0,2.5,4.6,7.3,6.9,7.4,6.2,6.8,3.5,3.3,11.8,6.1,5.4,5.6,5.8,6.0,6.8,5.4,3.7,4.6,3.9,11.3,4.4,7.5,3.5,5.3,8.2,8.9,7.1,3.6,1.7,1.9,1.9,1.3,2.0,2.0,1.5,1.6,1.0,1.9,1.7,1.0,1.7,1.1,1.9,1.3,1.8,1.1,1.5,1.6,2.4,1.9,1.4,1.6,1.4,1.6,1.3,2.2,1.7,1.4,1.8,1.1,1.0,1.3,2.1,1.8,2.3,2.4,3.7,2.6,1.8,1.4,2.8,2.6,2.9,2.9,1.8,2.6,1.7,1.5,1.9,0.7,2.0,2.4,2.4,2.7,1.5,4.4,2.3,1.9,1.9,2.0,2.1,2.5,2.9,2.4,2.0,1.4,2.0,3.0,1.8,2.2,1.6,3.7,3.7,2.4,1.9,1.3,2.0,1.2,2.4,3.7,3.7,2.8,3.8,2.1,9.9,6.0,2.3,3.0,2.7,2.4,2.6,2.5,2.6,2.5,1.5,2.5,3.0,1.2,2.9,2.9,1.7,2.0,2.9,2.6,2.4,2.9,2.0,3.2,6.1,4.3,13.9,2.3,2.7,5.2,5.6,0.9,12.1,4.0,3.2,2.4,1.4,6.2,2.2,3.5,4.3,4.0
hdlbp,1.4,1.7,1.2,1.6,1.3,1.3,1.4,0.9,1.8,1.7,1.7,1.9,1.3,1.9,1.7,1.7,1.5,2.1,4.1,17.7,3.2,3.3,3.1,6.5,2.8,3.3,2.5,2.5,5.6,5.1,4.7,2.2,4.1,2.1,3.9,3.7,4.2,4.2,9.4,6.0,4.2,2.0,2.9,3.5,10.0,2.4,15.1,5.5,3.1,4.8,5.0,5.5,5.3,5.8,3.9,3.3,2.8,4.4,3.0,5.5,2.5,1.6,2.7,2.8,3.8,4.5,2.1,14.7,3.8,13.3,1.6,14.5,4.4,5.0,10.3,3.3,19.8,3.5,3.4,3.7,7.7,4.1,2.1,4.8,9.9,1.8,4.2,4.0,4.2,18.9,3.7,3.4,3.6,1.4,4.0,10.7,27.4,8.6,9.2,11.3,8.6,1.9,2.5,5.6,5.5,8.8,6.9,4.5,6.1,5.7,10.7,4.8,3.8,3.1,7.9,3.6,2.7,2.0,4.0,3.8,3.9,12.3,3.8,2.1,3.2,2.6,3.5,9.9,4.7,3.4,7.7,3.8,3.4,10.5,3.8,5.7,3.8,4.6,4.0,7.8,4.6,10.7,7.9,6.2,9.8,8.5,8.8,16.9,10.2,5.6,4.7,4.7,6.2,4.5,3.5,2.0,27.3,18.9,5.3,6.3,6.3,3.6,4.9,17.9,3.9,5.6,3.9,4.4,4.1,2.0,8.8,4.9,5.5,2.3,3.6,6.3,4.1,5.4,2.1,1.9,3.8,3.5,3.7,3.7,4.9,4.3,5.3,8.0,33.7,4.2,12.0,10.4,9.3,11.8,13.2,3.8,4.1,3.5,2.0,21.5,5.2,3.0,4.4,11.4
hebp1,0.2,0.2,0.1,0.2,0.1,0.2,0.1,0.2,0.1,0.1,0.1,0.1,0.2,0.0,0.1,0.1,0.2,0.2,0.3,0.5,0.5,0.1,0.2,0.3,0.2,0.3,0.3,0.2,0.1,0.2,0.1,0.6,0.2,0.2,0.1,0.7,0.2,0.1,1.3,1.8,0.4,0.3,0.1,0.0,0.3,0.3,0.4,0.0,0.2,0.3,0.1,0.2,0.3,0.1,0.5,0.3,0.7,0.3,0.2,0.2,0.3,0.3,0.2,0.2,0.1,0.1,0.1,0.6,0.1,1.1,0.2,0.9,0.2,2.3,0.3,0.2,1.9,0.3,0.6,0.2,0.3,0.3,0.1,0.1,0.9,0.3,0.1,0.3,0.3,1.3,0.3,0.3,0.2,0.7,0.3,0.9,2.4,0.2,0.2,0.1,0.2,0.4,0.4,0.3,0.3,0.2,0.2,0.3,0.7,0.4,4.7,1.0,2.1,0.2,0.0,0.3,0.2,0.4,0.1,0.3,0.3,0.7,0.5,0.4,0.2,0.1,0.5,0.2,0.1,0.2,0.8,0.5,0.2,3.8,0.3,0.2,0.3,0.2,0.9,0.2,0.5,0.3,0.1,0.3,0.2,0.3,0.3,1.0,0.7,0.7,2.1,0.1,0.2,0.7,0.3,0.3,2.5,2.1,0.2,0.3,0.1,0.1,2.4,2.3,0.4,0.4,0.3,0.3,0.5,0.1,0.3,0.1,0.2,0.2,0.5,0.9,0.4,0.1,0.6,0.4,0.3,0.3,0.2,0.2,0.0,0.1,0.2,0.3,2.4,0.4,0.2,0.2,0.2,4.6,4.4,0.6,0.2,0.1,0.4,1.2,1.2,0.5,0.6,0.6
hectd1,2.1,2.0,2.3,2.1,2.1,2.1,2.3,3.0,2.0,2.1,2.2,2.3,1.9,1.9,2.1,2.6,2.2,2.1,2.4,1.4,2.8,2.0,1.6,1.7,1.7,2.6,2.2,1.6,1.7,2.0,1.7,1.5,3.0,1.9,1.5,1.8,2.7,2.1,1.6,1.9,3.2,2.0,1.8,1.2,2.0,2.0,1.6,2.2,1.5,1.9,1.9,2.4,1.4,1.4,1.9,1.6,2.4,1.2,1.6,2.6,1.6,1.7,1.9,1.5,1.5,0.8,1.8,1.2,1.8,0.8,1.3,1.2,1.1,1.6,1.9,2.2,1.8,1.7,1.9,1.8,1.7,1.6,1.6,1.6,1.6,1.2,1.9,1.9,2.0,1.5,1.5,1.6,1.8,1.5,1.7,2.4,2.6,1.7,1.5,2.3,1.4,1.5,1.1,2.2,2.0,2.0,2.4,2.7,3.1,2.8,2.0,1.4,2.5,1.5,2.1,1.7,1.2,1.1,1.9,1.8,2.0,2.1,2.1,1.5,1.6,2.0,1.4,1.9,2.4,2.5,3.8,2.2,2.0,1.9,1.6,1.8,1.7,2.1,1.9,1.9,2.4,1.4,2.3,2.1,1.4,1.4,2.1,1.3,0.6,2.1,3.0,1.6,1.1,2.8,1.9,2.6,3.4,1.6,2.5,2.9,2.4,2.1,3.1,2.4,1.4,1.5,2.1,2.5,1.9,1.2,1.3,2.1,1.8,1.7,1.1,3.2,2.3,2.8,1.5,1.8,1.8,2.3,1.9,1.5,3.2,2.3,2.7,1.9,4.2,1.7,1.8,1.2,1.9,1.5,2.1,2.2,2.0,1.5,1.3,1.3,1.5,2.9,2.7,2.2
hectd4,0.5,0.3,0.2,0.3,0.4,0.3,0.3,0.6,0.2,0.2,0.2,0.2,0.2,0.1,0.1,0.2,0.1,0.3,0.1,0.3,1.5,0.2,0.3,0.3,0.2,0.1,0.2,0.2,0.3,0.4,0.3,0.2,0.2,0.2,0.2,0.2,0.4,0.4,0.3,0.5,1.0,0.2,0.4,0.4,0.3,0.1,0.1,0.6,0.5,0.4,0.4,0.2,0.4,0.2,0.2,0.2,0.2,0.3,0.5,0.4,0.3,0.5,0.3,0.2,0.2,0.7,0.2,0.4,0.3,0.1,0.3,0.4,0.0,0.2,0.4,2.3,0.1,0.5,0.4,0.9,0.4,0.5,0.2,0.5,0.7,0.4,0.3,0.3,0.2,0.4,0.7,0.7,0.3,0.1,0.4,0.1,0.6,0.5,0.4,0.6,0.3,0.3,0.1,0.3,0.5,0.6,0.8,2.9,5.2,3.0,0.9,0.2,0.1,0.1,0.0,0.3,0.3,0.5,0.5,0.4,0.4,0.3,0.3,0.2,0.3,0.4,0.1,0.9,0.4,1.7,5.6,2.4,0.3,0.4,0.9,0.7,0.6,0.8,0.8,0.6,0.3,0.5,0.3,0.6,0.5,0.4,0.6,0.4,0.9,0.8,0.1,0.2,0.0,0.2,0.3,0.2,0.5,0.4,0.6,0.2,0.5,0.5,0.0,0.1,0.3,0.6,0.7,0.6,0.7,0.4,0.4,0.5,0.6,0.3,0.1,6.8,2.2,0.7,0.3,0.2,0.4,0.8,0.3,0.4,0.2,0.2,0.4,0.5,0.1,0.4,0.6,0.2,0.8,0.5,0.7,0.5,0.3,0.3,0.2,0.8,0.1,0.5,0.4,0.2
hells,7.7,4.1,2.6,4.3,3.9,3.1,3.0,1.8,3.3,2.7,2.1,1.8,2.3,2.6,2.2,1.5,2.7,2.5,0.5,0.6,0.9,1.8,2.2,0.7,2.1,2.1,2.3,4.3,1.5,1.0,1.9,0.2,0.3,2.8,4.6,1.2,1.7,1.0,0.3,0.6,0.4,2.2,1.5,0.8,0.6,2.1,0.3,3.1,1.4,1.1,0.8,1.0,0.5,0.8,0.8,1.1,0.4,1.4,1.5,1.2,1.3,1.9,1.2,2.3,1.3,2.1,1.6,0.1,0.1,0.2,1.4,0.1,1.2,0.0,0.1,0.1,0.6,2.1,1.7,2.4,1.1,2.5,1.8,2.5,1.2,2.1,2.3,0.1,1.3,0.1,2.1,1.4,2.4,1.6,2.2,0.5,0.2,0.7,0.5,0.5,0.9,1.9,1.6,1.3,1.8,0.5,0.5,0.3,0.5,0.6,0.0,0.2,0.1,2.4,1.0,2.8,1.2,1.0,2.3,1.8,2.1,0.3,2.2,1.9,1.3,1.3,2.6,1.7,1.9,0.5,0.9,0.5,0.2,0.2,2.1,1.9,2.3,1.8,1.7,0.8,1.3,1.1,2.0,1.8,0.3,0.5,0.4,0.1,0.0,1.2,0.0,2.2,0.6,0.1,0.8,1.5,0.6,0.3,2.8,1.3,1.0,0.1,0.0,0.1,2.1,1.3,2.2,1.8,1.6,0.6,1.3,1.7,1.3,1.7,0.8,0.2,0.9,0.4,1.0,1.1,2.1,2.2,2.7,1.8,1.8,1.6,1.4,1.0,0.1,1.1,0.5,0.5,0.3,0.0,0.7,2.0,3.4,1.0,0.8,0.5,0.2,1.2,1.0,0.3
herc2,0.8,0.7,0.8,0.7,0.6,0.5,0.5,0.2,0.3,0.3,0.3,0.3,0.4,0.3,0.3,0.2,0.5,0.3,0.4,0.6,0.7,0.4,0.4,0.5,0.5,0.4,0.3,0.5,0.5,0.5,0.6,0.2,0.5,0.3,1.0,0.2,0.6,0.6,0.6,0.8,1.2,0.4,0.4,0.0,0.4,0.2,1.1,0.4,0.5,0.4,0.6,0.7,0.5,0.4,0.5,0.3,0.3,0.8,0.4,0.8,0.4,0.6,0.3,0.6,0.4,0.9,0.4,1.2,0.5,0.6,0.4,1.2,0.3,0.8,0.5,0.9,0.8,0.6,0.4,0.6,0.8,0.6,0.4,0.5,0.4,0.7,0.6,0.3,0.3,0.5,0.6,0.7,0.5,0.5,0.8,1.4,0.6,0.6,0.3,0.4,0.5,0.3,0.3,0.6,0.6,0.5,0.3,1.1,1.5,0.7,1.1,0.4,0.2,0.2,0.2,0.5,0.2,0.2,0.5,0.6,0.5,1.5,0.4,0.7,0.5,0.4,0.6,0.3,0.5,0.5,2.0,0.9,0.3,0.7,0.4,0.7,0.6,0.3,0.6,0.5,0.2,0.9,0.3,0.5,0.6,0.3,0.5,0.8,0.0,0.5,0.2,0.3,0.0,0.5,0.4,0.1,0.2,0.6,0.6,0.5,0.7,0.4,0.0,0.4,0.5,0.5,0.5,0.6,0.6,0.5,0.3,0.6,0.5,0.3,0.3,2.5,0.9,0.7,0.7,0.3,0.5,0.5,0.4,0.4,0.5,0.6,0.6,0.6,0.4,0.4,0.3,0.4,0.6,0.4,0.2,0.3,0.6,0.3,0.5,0.2,0.7,0.6,0.6,1.5
herpud1,1.3,0.3,0.6,0.3,0.2,0.4,0.6,0.3,0.5,0.4,0.6,0.5,0.6,0.5,0.4,0.5,0.6,0.7,2.4,3.3,0.7,0.5,0.6,1.0,0.3,0.7,0.5,0.5,0.9,1.0,2.4,0.8,0.4,0.5,1.1,3.9,0.5,0.4,5.2,2.1,0.4,0.5,0.3,0.0,2.2,0.4,3.7,0.8,0.3,0.3,0.3,1.5,0.7,0.7,3.4,0.4,0.8,0.4,0.4,0.4,0.4,0.6,0.3,0.5,0.7,0.4,0.4,2.0,0.3,2.4,0.6,1.9,0.5,1.7,1.7,0.5,1.3,0.5,0.8,0.7,0.8,0.7,0.4,0.8,0.3,0.5,0.6,0.3,0.6,1.8,0.3,0.3,0.5,0.6,1.2,2.3,3.7,0.7,0.7,2.0,1.0,0.5,0.9,0.5,0.7,0.5,0.3,0.7,0.5,0.4,1.5,2.7,1.7,0.9,0.5,0.4,0.7,0.7,0.4,0.5,0.4,1.9,0.2,0.3,0.5,0.4,0.2,0.3,0.6,0.3,0.5,0.7,0.3,1.8,0.3,0.5,0.3,0.3,0.5,0.7,0.4,0.2,0.2,0.1,0.5,0.6,1.0,2.8,1.2,0.6,0.8,0.8,0.0,2.4,0.5,0.7,2.6,1.6,0.4,0.5,0.4,0.2,0.7,1.3,0.4,1.2,0.3,0.3,0.6,0.2,0.1,0.6,0.6,0.4,0.4,0.4,0.7,0.3,0.8,0.4,0.5,0.6,0.5,0.5,0.5,0.6,0.3,0.7,2.2,0.4,1.0,0.5,0.6,4.4,1.0,0.6,0.4,0.5,0.3,1.8,4.9,0.4,0.6,1.4
hes1,0.2,0.1,0.6,0.0,0.0,0.1,1.3,0.4,0.1,0.5,0.1,0.2,0.6,0.1,2.5,0.2,0.7,1.5,0.4,0.1,0.6,0.3,3.4,2.0,1.2,0.9,0.2,4.4,0.6,0.2,5.2,1.5,0.5,1.4,1.2,1.4,1.7,0.1,0.2,0.1,0.4,0.6,0.2,1.7,0.0,0.3,0.4,1.4,0.1,1.1,0.5,4.1,0.7,0.5,0.6,0.3,0.5,0.4,2.0,0.7,1.0,1.3,0.6,3.2,1.5,0.7,1.2,0.1,0.5,0.3,0.5,1.3,1.2,0.2,0.0,0.1,0.3,1.7,0.8,2.8,2.0,4.7,2.1,0.8,1.8,1.6,1.9,0.5,0.6,0.0,0.6,0.4,6.7,1.0,0.7,6.2,0.3,0.9,1.8,1.2,1.2,1.0,1.5,1.9,0.9,0.1,0.9,0.3,2.9,0.3,0.0,1.5,0.8,1.0,2.2,5.2,1.2,0.5,2.7,1.5,2.3,4.2,0.2,1.1,0.9,2.2,0.7,1.9,1.3,0.0,0.6,0.9,0.7,0.3,0.5,0.1,0.5,0.2,0.5,0.4,2.2,0.0,0.4,1.2,2.1,1.1,1.4,0.5,0.2,1.1,0.9,1.4,4.7,2.3,0.5,0.5,1.1,0.3,0.6,0.1,0.7,0.5,1.0,0.1,0.1,0.1,0.4,0.5,0.6,1.8,3.6,1.0,0.8,1.9,1.3,0.3,0.3,0.6,0.9,0.8,1.2,0.9,3.4,0.6,2.0,1.9,2.6,0.6,0.0,0.3,1.1,1.6,1.1,0.0,0.1,1.1,1.8,0.7,1.0,0.2,1.6,0.6,1.3,4.9